[10-Oct-2025 06:14:19 UTC] PHP Fatal error:  Uncaught Error: Class "app\Models\OrdersDetail" not found in /Applications/MAMP/htdocs/AuraFine/app/services/OrdersService.php:20
Stack trace:
#0 /Applications/MAMP/htdocs/AuraFine/test_redirection_debug.php(97): app\services\OrdersService->__construct()
#1 {main}
  thrown in /Applications/MAMP/htdocs/AuraFine/app/services/OrdersService.php on line 20
[10-Oct-2025 06:14:20 UTC] PHP Fatal error:  Uncaught Error: Class "app\Models\OrdersDetail" not found in /Applications/MAMP/htdocs/AuraFine/app/services/OrdersService.php:20
Stack trace:
#0 /Applications/MAMP/htdocs/AuraFine/test_redirection_debug.php(97): app\services\OrdersService->__construct()
#1 {main}
  thrown in /Applications/MAMP/htdocs/AuraFine/app/services/OrdersService.php on line 20
[10-Oct-2025 06:14:34 UTC] Database SELECT ONE error: SQLSTATE[42S22]: Column not found: 1054 Unknown column 'o.updated_at' in 'field list' | Query: SELECT o.id, o.status, o.order_date, o.total_amount, o.delivery_fee, o.updated_at,
                       o.customer_first_name, o.customer_last_name, o.customer_phone, o.customer_email,
                       o.delivery_address, o.delivery_comment,
                       c.name AS city_name, n.name AS neighborhood_name
                FROM orders o
                LEFT JOIN cities c ON c.id = o.cities_id
                LEFT JOIN neighborhoods n ON n.id = o.neighborhoods_id
                WHERE o.users_id = :user_id 
                AND o.status NOT IN ('Livrée', 'annulée')
                ORDER BY o.order_date DESC
                LIMIT 1 | Params: {"user_id":999}
[10-Oct-2025 06:14:34 UTC] PHP Warning:  Cannot modify header information - headers already sent by (output started at /Applications/MAMP/htdocs/AuraFine/test_redirection_debug.php:13) in /Applications/MAMP/htdocs/AuraFine/app/models/Database.php on line 100
[10-Oct-2025 06:15:27 UTC] [2025-10-10 06:15:27] DEBUG: === DÉBUT DU TEST MY-ORDERS ===
[10-Oct-2025 06:15:27 UTC] [2025-10-10 06:15:27] DEBUG: 1. Vérification de la session | Data: {"connected":"NON D\u00c9FINI","user_exists":false,"user_role":"NON D\u00c9FINI","user_id":"NON D\u00c9FINI"}
[10-Oct-2025 06:15:27 UTC] [2025-10-10 06:15:27] DEBUG: 2. Simulation du constructeur Middleware
[10-Oct-2025 06:15:27 UTC] [2025-10-10 06:15:27] DEBUG: 2.1. Appel de enforceSessionActivity()
[10-Oct-2025 06:15:27 UTC] [2025-10-10 06:15:27] DEBUG: 2.2. Session non connectée - enforceSessionActivity() retourne sans rien faire
[10-Oct-2025 06:15:27 UTC] [2025-10-10 06:15:27] DEBUG: 3. Simulation de showUserOrders()
[10-Oct-2025 06:15:27 UTC] [2025-10-10 06:15:27] DEBUG: 3.1. Utilisateur non connecté ou rôle incorrect - Redirection vers login
[10-Oct-2025 06:15:27 UTC] [2025-10-10 06:15:27] DEBUG: 3.2. REDIRECTION VERS: index.php?action=login
[10-Oct-2025 06:15:27 UTC] [2025-10-10 06:15:27] DEBUG: 4. Test des requêtes de base de données
[10-Oct-2025 06:15:27 UTC] [2025-10-10 06:15:27] DEBUG: 4.1. OrdersService instancié avec succès
[10-Oct-2025 06:15:27 UTC] [2025-10-10 06:15:27] DEBUG: 4.1. Pas d'ID utilisateur - Impossible de tester les requêtes
[10-Oct-2025 06:15:27 UTC] [2025-10-10 06:15:27] DEBUG: === FIN DU TEST MY-ORDERS ===
[10-Oct-2025 06:15:59 UTC] Database SELECT ONE error: SQLSTATE[42S22]: Column not found: 1054 Unknown column 'o.updated_at' in 'field list' | Query: SELECT o.id, o.status, o.order_date, o.total_amount, o.delivery_fee, o.updated_at,
                       o.customer_first_name, o.customer_last_name, o.customer_phone, o.customer_email,
                       o.delivery_address, o.delivery_comment,
                       c.name AS city_name, n.name AS neighborhood_name
                FROM orders o
                LEFT JOIN cities c ON c.id = o.cities_id
                LEFT JOIN neighborhoods n ON n.id = o.neighborhoods_id
                WHERE o.users_id = :user_id 
                AND o.status NOT IN ('Livrée', 'annulée')
                ORDER BY o.order_date DESC
                LIMIT 1 | Params: {"user_id":1}
[10-Oct-2025 06:15:59 UTC] PHP Warning:  Cannot modify header information - headers already sent by (output started at /Applications/MAMP/htdocs/AuraFine/test_connection_flow.php:13) in /Applications/MAMP/htdocs/AuraFine/app/models/Database.php on line 100
[10-Oct-2025 06:17:50 Africa/Dakar] Database SELECT ONE error: SQLSTATE[42S22]: Column not found: 1054 Unknown column 'o.updated_at' in 'field list' | Query: SELECT o.id, o.status, o.order_date, o.total_amount, o.delivery_fee, o.updated_at,
                       o.customer_first_name, o.customer_last_name, o.customer_phone, o.customer_email,
                       o.delivery_address, o.delivery_comment,
                       c.name AS city_name, n.name AS neighborhood_name
                FROM orders o
                LEFT JOIN cities c ON c.id = o.cities_id
                LEFT JOIN neighborhoods n ON n.id = o.neighborhoods_id
                WHERE o.users_id = :user_id 
                AND o.status NOT IN ('Livrée', 'annulée')
                ORDER BY o.order_date DESC
                LIMIT 1 | Params: {"user_id":4}
[10-Oct-2025 06:20:09 UTC] PHP Fatal error:  Uncaught Error: Call to protected method app\Models\Database::findOne() from global scope in /Applications/MAMP/htdocs/AuraFine/debug_database_queries.php:72
Stack trace:
#0 {main}
  thrown in /Applications/MAMP/htdocs/AuraFine/debug_database_queries.php on line 72
[10-Oct-2025 06:20:28 UTC] Database SELECT ONE error: SQLSTATE[42S22]: Column not found: 1054 Unknown column 'o.updated_at' in 'field list' | Query: SELECT o.id, o.status, o.order_date, o.total_amount, o.delivery_fee, o.updated_at,
                       o.customer_first_name, o.customer_last_name, o.customer_phone, o.customer_email,
                       o.delivery_address, o.delivery_comment,
                       c.name AS city_name, n.name AS neighborhood_name
                FROM orders o
                LEFT JOIN cities c ON c.id = o.cities_id
                LEFT JOIN neighborhoods n ON n.id = o.neighborhoods_id
                WHERE o.users_id = :user_id 
                AND o.status NOT IN ('Livrée', 'annulée')
                ORDER BY o.order_date DESC
                LIMIT 1 | Params: {"user_id":1}
[10-Oct-2025 06:20:28 UTC] PHP Warning:  Cannot modify header information - headers already sent by (output started at /Applications/MAMP/htdocs/AuraFine/debug_database_queries.php:13) in /Applications/MAMP/htdocs/AuraFine/app/models/Database.php on line 100
[10-Oct-2025 06:21:04 UTC] Database SELECT ONE error: SQLSTATE[42S22]: Column not found: 1054 Unknown column 'o.updated_at' in 'field list' | Query: SELECT o.id, o.status, o.order_date, o.total_amount, o.delivery_fee, o.updated_at,
                       o.customer_first_name, o.customer_last_name, o.customer_phone, o.customer_email,
                       o.delivery_address, o.delivery_comment,
                       c.name AS city_name, n.name AS neighborhood_name
                FROM orders o
                LEFT JOIN cities c ON c.id = o.cities_id
                LEFT JOIN neighborhoods n ON n.id = o.neighborhoods_id
                WHERE o.users_id = :user_id 
                AND o.status NOT IN ('Livrée', 'annulée')
                ORDER BY o.order_date DESC
                LIMIT 1 | Params: {"user_id":1}
[10-Oct-2025 06:21:04 UTC] PHP Warning:  Cannot modify header information - headers already sent by (output started at /Applications/MAMP/htdocs/AuraFine/test_orders_controller_real.php:12) in /Applications/MAMP/htdocs/AuraFine/app/models/Database.php on line 100
[10-Oct-2025 19:38:16 Africa/Dakar] Security Event: {"timestamp":"2025-10-10 19:38:16","event":"user_login","ip":"::1","user_agent":"Mozilla\/5.0 (Macintosh; Intel Mac OS X 10_15_7) AppleWebKit\/537.36 (KHTML, like Gecko) Chrome\/141.0.0.0 Safari\/537.36","data":{"user_id":2,"email":"user@gmail.com","role":"user"}}
[10-Oct-2025 19:39:55 Africa/Dakar] Security Event: {"timestamp":"2025-10-10 19:39:55","event":"user_logout","ip":"::1","user_agent":"Mozilla\/5.0 (Macintosh; Intel Mac OS X 10_15_7) AppleWebKit\/537.36 (KHTML, like Gecko) Chrome\/141.0.0.0 Safari\/537.36","data":{"user_id":2,"email":"user@gmail.com","role":"user"}}
[10-Oct-2025 19:40:16 Africa/Dakar] Security Event: {"timestamp":"2025-10-10 19:40:16","event":"user_login","ip":"::1","user_agent":"Mozilla\/5.0 (Macintosh; Intel Mac OS X 10_15_7) AppleWebKit\/537.36 (KHTML, like Gecko) Chrome\/141.0.0.0 Safari\/537.36","data":{"user_id":1,"email":"lena@test.com","role":"admin"}}
[10-Oct-2025 19:40:33 Africa/Dakar] DEBUG: AdminUsersController::listUsers() appelé
[10-Oct-2025 19:40:33 Africa/Dakar] DEBUG: checkAdmin() - Session user: Array
(
    [id] => 1
    [email] => lena@test.com
    [first_name] => Lena
    [last_name] => Test
    [role] => admin
    [is_logged_in] => 1
    [login_time] => 1760125216
    [address_line] => Parcelles
    [cities_id] => 1
    [delivery_zones_id] => 
    [neighborhoods_id] => 
    [loyalty_points] => 0
)

[10-Oct-2025 19:40:33 Africa/Dakar] DEBUG: checkAdmin() - OK, utilisateur admin
[10-Oct-2025 19:51:33 Africa/Dakar] DEBUG: AdminUsersController::listUsers() appelé
[10-Oct-2025 19:51:33 Africa/Dakar] DEBUG: checkAdmin() - Session user: Array
(
    [id] => 1
    [email] => lena@test.com
    [first_name] => Lena
    [last_name] => Test
    [role] => admin
    [is_logged_in] => 1
    [login_time] => 1760125216
    [address_line] => Parcelles
    [cities_id] => 1
    [delivery_zones_id] => 
    [neighborhoods_id] => 
    [loyalty_points] => 0
)

[10-Oct-2025 19:51:33 Africa/Dakar] DEBUG: checkAdmin() - OK, utilisateur admin
[10-Oct-2025 19:52:17 Africa/Dakar] Security Event: {"timestamp":"2025-10-10 19:52:17","event":"user_logout","ip":"::1","user_agent":"Mozilla\/5.0 (Macintosh; Intel Mac OS X 10_15_7) AppleWebKit\/537.36 (KHTML, like Gecko) Chrome\/141.0.0.0 Safari\/537.36","data":{"user_id":1,"email":"lena@test.com","role":"admin"}}
[10-Oct-2025 19:52:41 Africa/Dakar] Security Event: {"timestamp":"2025-10-10 19:52:41","event":"user_login","ip":"::1","user_agent":"Mozilla\/5.0 (Macintosh; Intel Mac OS X 10_15_7) AppleWebKit\/537.36 (KHTML, like Gecko) Chrome\/141.0.0.0 Safari\/537.36","data":{"user_id":2,"email":"user@gmail.com","role":"user"}}
[10-Oct-2025 19:52:46 Africa/Dakar] PHP Warning:  Undefined array key "updated_at" in /Applications/MAMP/htdocs/AuraFine/app/views/users_orders.phtml on line 87
[10-Oct-2025 19:52:46 Africa/Dakar] PHP Deprecated:  strtotime(): Passing null to parameter #1 ($datetime) of type string is deprecated in /Applications/MAMP/htdocs/AuraFine/app/views/users_orders.phtml on line 87
[10-Oct-2025 19:52:48 Africa/Dakar] PHP Warning:  Undefined array key "updated_at" in /Applications/MAMP/htdocs/AuraFine/app/controllers/OrdersController.php on line 299
[10-Oct-2025 19:57:45 Africa/Dakar] Security Event: {"timestamp":"2025-10-10 19:57:45","event":"user_logout","ip":"::1","user_agent":"Mozilla\/5.0 (Macintosh; Intel Mac OS X 10_15_7) AppleWebKit\/537.36 (KHTML, like Gecko) Chrome\/141.0.0.0 Safari\/537.36","data":{"user_id":2,"email":"user@gmail.com","role":"user"}}
[10-Oct-2025 19:58:08 Africa/Dakar] Security Event: {"timestamp":"2025-10-10 19:58:08","event":"user_login","ip":"::1","user_agent":"Mozilla\/5.0 (Macintosh; Intel Mac OS X 10_15_7) AppleWebKit\/537.36 (KHTML, like Gecko) Chrome\/141.0.0.0 Safari\/537.36","data":{"user_id":1,"email":"lena@test.com","role":"admin"}}
[12-Oct-2025 12:19:49 Africa/Dakar] DEBUG: AdminUsersController::listUsers() appelé
[12-Oct-2025 12:19:49 Africa/Dakar] DEBUG: checkAdmin() - Session user: Array
(
    [id] => 1
    [email] => lena@test.com
    [first_name] => Lena
    [last_name] => Test
    [role] => admin
    [is_logged_in] => 1
    [login_time] => 1760126288
    [address_line] => Parcelles
    [cities_id] => 1
    [delivery_zones_id] => 
    [neighborhoods_id] => 
    [loyalty_points] => 0
)

[12-Oct-2025 12:19:49 Africa/Dakar] DEBUG: checkAdmin() - OK, utilisateur admin
[12-Oct-2025 12:19:56 Africa/Dakar] Security Event: {"timestamp":"2025-10-12 12:19:56","event":"user_logout","ip":"::1","user_agent":"Mozilla\/5.0 (Macintosh; Intel Mac OS X 10_15_7) AppleWebKit\/537.36 (KHTML, like Gecko) Chrome\/141.0.0.0 Safari\/537.36","data":{"user_id":1,"email":"lena@test.com","role":"admin"}}
[12-Oct-2025 13:04:56 Africa/Dakar] Security Event: {"timestamp":"2025-10-12 13:04:56","event":"user_login","ip":"::1","user_agent":"Mozilla\/5.0 (Macintosh; Intel Mac OS X 10_15_7) AppleWebKit\/537.36 (KHTML, like Gecko) Chrome\/141.0.0.0 Safari\/537.36","data":{"user_id":1,"email":"lena@test.com","role":"admin"}}
[12-Oct-2025 13:40:11 Africa/Dakar] DEBUG: Route admin-orders détectée
[12-Oct-2025 13:40:11 Africa/Dakar] DEBUG: listOrders() appelé - Session user: OUI
[12-Oct-2025 13:40:11 Africa/Dakar] DEBUG: Role utilisateur: admin
[12-Oct-2025 13:40:11 Africa/Dakar] DEBUG: checkAdmin() - Session user: OUI
[12-Oct-2025 13:40:11 Africa/Dakar] DEBUG: checkAdmin() - Role: admin
[12-Oct-2025 13:40:11 Africa/Dakar] DEBUG: checkAdmin() - Admin vérifié avec succès
[12-Oct-2025 13:40:11 Africa/Dakar] DEBUG: Filtres reçus: {"search":"","status":"","date_from":"","date_to":"","sort":"order_date","direction":"DESC"}
[12-Oct-2025 13:40:19 Africa/Dakar] DEBUG: Aucune action fournie - IP: ::1
[12-Oct-2025 13:46:59 Africa/Dakar] DEBUG: Route admin-orders détectée
[12-Oct-2025 13:46:59 Africa/Dakar] DEBUG: listOrders() appelé - Session user: OUI
[12-Oct-2025 13:46:59 Africa/Dakar] DEBUG: Role utilisateur: admin
[12-Oct-2025 13:46:59 Africa/Dakar] DEBUG: checkAdmin() - Session user: OUI
[12-Oct-2025 13:46:59 Africa/Dakar] DEBUG: checkAdmin() - Role: admin
[12-Oct-2025 13:46:59 Africa/Dakar] DEBUG: checkAdmin() - Admin vérifié avec succès
[12-Oct-2025 13:46:59 Africa/Dakar] DEBUG: Filtres reçus: {"status":"","date_from":"","date_to":"","sort":"order_date","direction":"DESC"}
[12-Oct-2025 13:46:59 Africa/Dakar] PHP Deprecated:  htmlspecialchars(): Passing null to parameter #1 ($string) of type string is deprecated in /Applications/MAMP/htdocs/AuraFine/app/views/orders-table.phtml on line 41
[12-Oct-2025 13:46:59 Africa/Dakar] PHP Deprecated:  htmlspecialchars(): Passing null to parameter #1 ($string) of type string is deprecated in /Applications/MAMP/htdocs/AuraFine/app/views/orders-table.phtml on line 41
[12-Oct-2025 13:47:07 Africa/Dakar] DEBUG: Route admin-orders détectée
[12-Oct-2025 13:47:07 Africa/Dakar] DEBUG: listOrders() appelé - Session user: OUI
[12-Oct-2025 13:47:07 Africa/Dakar] DEBUG: Role utilisateur: admin
[12-Oct-2025 13:47:07 Africa/Dakar] DEBUG: checkAdmin() - Session user: OUI
[12-Oct-2025 13:47:07 Africa/Dakar] DEBUG: checkAdmin() - Role: admin
[12-Oct-2025 13:47:07 Africa/Dakar] DEBUG: checkAdmin() - Admin vérifié avec succès
[12-Oct-2025 13:47:07 Africa/Dakar] DEBUG: Filtres reçus: {"status":"En attente","date_from":"","date_to":"","sort":"order_date","direction":"DESC"}
[12-Oct-2025 13:47:07 Africa/Dakar] PHP Fatal error:  Uncaught Error: Call to undefined method app\controllers\OrdersController::renderPartial() in /Applications/MAMP/htdocs/AuraFine/app/controllers/OrdersController.php:71
Stack trace:
#0 /Applications/MAMP/htdocs/auraFine/index.php(261): app\controllers\OrdersController->listOrders()
#1 {main}
  thrown in /Applications/MAMP/htdocs/AuraFine/app/controllers/OrdersController.php on line 71
[12-Oct-2025 13:47:13 Africa/Dakar] DEBUG: Route admin-orders détectée
[12-Oct-2025 13:47:13 Africa/Dakar] DEBUG: listOrders() appelé - Session user: OUI
[12-Oct-2025 13:47:13 Africa/Dakar] DEBUG: Role utilisateur: admin
[12-Oct-2025 13:47:13 Africa/Dakar] DEBUG: checkAdmin() - Session user: OUI
[12-Oct-2025 13:47:13 Africa/Dakar] DEBUG: checkAdmin() - Role: admin
[12-Oct-2025 13:47:13 Africa/Dakar] DEBUG: checkAdmin() - Admin vérifié avec succès
[12-Oct-2025 13:47:13 Africa/Dakar] DEBUG: Filtres reçus: {"status":"Livraison en cours","date_from":"","date_to":"","sort":"order_date","direction":"DESC"}
[12-Oct-2025 13:47:13 Africa/Dakar] PHP Fatal error:  Uncaught Error: Call to undefined method app\controllers\OrdersController::renderPartial() in /Applications/MAMP/htdocs/AuraFine/app/controllers/OrdersController.php:71
Stack trace:
#0 /Applications/MAMP/htdocs/auraFine/index.php(261): app\controllers\OrdersController->listOrders()
#1 {main}
  thrown in /Applications/MAMP/htdocs/AuraFine/app/controllers/OrdersController.php on line 71
[12-Oct-2025 13:47:29 Africa/Dakar] DEBUG: Route admin-orders détectée
[12-Oct-2025 13:47:29 Africa/Dakar] DEBUG: listOrders() appelé - Session user: OUI
[12-Oct-2025 13:47:29 Africa/Dakar] DEBUG: Role utilisateur: admin
[12-Oct-2025 13:47:29 Africa/Dakar] DEBUG: checkAdmin() - Session user: OUI
[12-Oct-2025 13:47:29 Africa/Dakar] DEBUG: checkAdmin() - Role: admin
[12-Oct-2025 13:47:29 Africa/Dakar] DEBUG: checkAdmin() - Admin vérifié avec succès
[12-Oct-2025 13:47:29 Africa/Dakar] DEBUG: Filtres reçus: {"status":"Livr\u00e9e","date_from":"","date_to":"","sort":"order_date","direction":"DESC"}
[12-Oct-2025 13:47:29 Africa/Dakar] PHP Fatal error:  Uncaught Error: Call to undefined method app\controllers\OrdersController::renderPartial() in /Applications/MAMP/htdocs/AuraFine/app/controllers/OrdersController.php:71
Stack trace:
#0 /Applications/MAMP/htdocs/auraFine/index.php(261): app\controllers\OrdersController->listOrders()
#1 {main}
  thrown in /Applications/MAMP/htdocs/AuraFine/app/controllers/OrdersController.php on line 71
[12-Oct-2025 13:47:41 Africa/Dakar] DEBUG: Route admin-orders détectée
[12-Oct-2025 13:47:41 Africa/Dakar] DEBUG: listOrders() appelé - Session user: OUI
[12-Oct-2025 13:47:41 Africa/Dakar] DEBUG: Role utilisateur: admin
[12-Oct-2025 13:47:41 Africa/Dakar] DEBUG: checkAdmin() - Session user: OUI
[12-Oct-2025 13:47:41 Africa/Dakar] DEBUG: checkAdmin() - Role: admin
[12-Oct-2025 13:47:41 Africa/Dakar] DEBUG: checkAdmin() - Admin vérifié avec succès
[12-Oct-2025 13:47:41 Africa/Dakar] DEBUG: Filtres reçus: {"status":"Livr\u00e9e","date_from":"2025-10-10","date_to":"","sort":"order_date","direction":"DESC"}
[12-Oct-2025 13:47:41 Africa/Dakar] PHP Fatal error:  Uncaught Error: Call to undefined method app\controllers\OrdersController::renderPartial() in /Applications/MAMP/htdocs/AuraFine/app/controllers/OrdersController.php:71
Stack trace:
#0 /Applications/MAMP/htdocs/auraFine/index.php(261): app\controllers\OrdersController->listOrders()
#1 {main}
  thrown in /Applications/MAMP/htdocs/AuraFine/app/controllers/OrdersController.php on line 71
[12-Oct-2025 13:47:52 Africa/Dakar] DEBUG: Route admin-orders détectée
[12-Oct-2025 13:47:52 Africa/Dakar] DEBUG: listOrders() appelé - Session user: OUI
[12-Oct-2025 13:47:52 Africa/Dakar] DEBUG: Role utilisateur: admin
[12-Oct-2025 13:47:52 Africa/Dakar] DEBUG: checkAdmin() - Session user: OUI
[12-Oct-2025 13:47:52 Africa/Dakar] DEBUG: checkAdmin() - Role: admin
[12-Oct-2025 13:47:52 Africa/Dakar] DEBUG: checkAdmin() - Admin vérifié avec succès
[12-Oct-2025 13:47:52 Africa/Dakar] DEBUG: Filtres reçus: {"status":"Livr\u00e9e","date_from":"2025-10-10","date_to":"2025-10-12","sort":"order_date","direction":"DESC"}
[12-Oct-2025 13:47:52 Africa/Dakar] PHP Fatal error:  Uncaught Error: Call to undefined method app\controllers\OrdersController::renderPartial() in /Applications/MAMP/htdocs/AuraFine/app/controllers/OrdersController.php:71
Stack trace:
#0 /Applications/MAMP/htdocs/auraFine/index.php(261): app\controllers\OrdersController->listOrders()
#1 {main}
  thrown in /Applications/MAMP/htdocs/AuraFine/app/controllers/OrdersController.php on line 71
[12-Oct-2025 13:47:56 Africa/Dakar] DEBUG: Route admin-orders détectée
[12-Oct-2025 13:47:56 Africa/Dakar] DEBUG: listOrders() appelé - Session user: OUI
[12-Oct-2025 13:47:56 Africa/Dakar] DEBUG: Role utilisateur: admin
[12-Oct-2025 13:47:56 Africa/Dakar] DEBUG: checkAdmin() - Session user: OUI
[12-Oct-2025 13:47:56 Africa/Dakar] DEBUG: checkAdmin() - Role: admin
[12-Oct-2025 13:47:56 Africa/Dakar] DEBUG: checkAdmin() - Admin vérifié avec succès
[12-Oct-2025 13:47:56 Africa/Dakar] DEBUG: Filtres reçus: {"status":"Livr\u00e9e","date_from":"2025-10-01","date_to":"2025-10-12","sort":"order_date","direction":"DESC"}
[12-Oct-2025 13:47:56 Africa/Dakar] PHP Fatal error:  Uncaught Error: Call to undefined method app\controllers\OrdersController::renderPartial() in /Applications/MAMP/htdocs/AuraFine/app/controllers/OrdersController.php:71
Stack trace:
#0 /Applications/MAMP/htdocs/auraFine/index.php(261): app\controllers\OrdersController->listOrders()
#1 {main}
  thrown in /Applications/MAMP/htdocs/AuraFine/app/controllers/OrdersController.php on line 71
[12-Oct-2025 13:50:50 Africa/Dakar] DEBUG: Route admin-orders détectée
[12-Oct-2025 13:50:50 Africa/Dakar] DEBUG: listOrders() appelé - Session user: OUI
[12-Oct-2025 13:50:50 Africa/Dakar] DEBUG: Role utilisateur: admin
[12-Oct-2025 13:50:50 Africa/Dakar] DEBUG: checkAdmin() - Session user: OUI
[12-Oct-2025 13:50:50 Africa/Dakar] DEBUG: checkAdmin() - Role: admin
[12-Oct-2025 13:50:50 Africa/Dakar] DEBUG: checkAdmin() - Admin vérifié avec succès
[12-Oct-2025 13:50:50 Africa/Dakar] DEBUG: Filtres reçus: {"status":"","date_from":"","date_to":"","sort":"order_date","direction":"DESC"}
[12-Oct-2025 13:50:50 Africa/Dakar] PHP Deprecated:  htmlspecialchars(): Passing null to parameter #1 ($string) of type string is deprecated in /Applications/MAMP/htdocs/AuraFine/app/views/orders-table.phtml on line 41
[12-Oct-2025 13:50:50 Africa/Dakar] PHP Deprecated:  htmlspecialchars(): Passing null to parameter #1 ($string) of type string is deprecated in /Applications/MAMP/htdocs/AuraFine/app/views/orders-table.phtml on line 41
[12-Oct-2025 13:51:01 Africa/Dakar] DEBUG: Route admin-orders détectée
[12-Oct-2025 13:51:01 Africa/Dakar] DEBUG: listOrders() appelé - Session user: OUI
[12-Oct-2025 13:51:01 Africa/Dakar] DEBUG: Role utilisateur: admin
[12-Oct-2025 13:51:01 Africa/Dakar] DEBUG: checkAdmin() - Session user: OUI
[12-Oct-2025 13:51:01 Africa/Dakar] DEBUG: checkAdmin() - Role: admin
[12-Oct-2025 13:51:01 Africa/Dakar] DEBUG: checkAdmin() - Admin vérifié avec succès
[12-Oct-2025 13:51:01 Africa/Dakar] DEBUG: Filtres reçus: {"status":"En attente","date_from":"","date_to":"","sort":"order_date","direction":"DESC"}
[12-Oct-2025 13:51:01 Africa/Dakar] PHP Deprecated:  htmlspecialchars(): Passing null to parameter #1 ($string) of type string is deprecated in /Applications/MAMP/htdocs/AuraFine/app/views/orders-table.phtml on line 41
[12-Oct-2025 13:51:01 Africa/Dakar] PHP Deprecated:  htmlspecialchars(): Passing null to parameter #1 ($string) of type string is deprecated in /Applications/MAMP/htdocs/AuraFine/app/views/orders-table.phtml on line 41
[12-Oct-2025 13:51:19 Africa/Dakar] DEBUG: Route admin-orders détectée
[12-Oct-2025 13:51:19 Africa/Dakar] DEBUG: listOrders() appelé - Session user: OUI
[12-Oct-2025 13:51:19 Africa/Dakar] DEBUG: Role utilisateur: admin
[12-Oct-2025 13:51:19 Africa/Dakar] DEBUG: checkAdmin() - Session user: OUI
[12-Oct-2025 13:51:19 Africa/Dakar] DEBUG: checkAdmin() - Role: admin
[12-Oct-2025 13:51:19 Africa/Dakar] DEBUG: checkAdmin() - Admin vérifié avec succès
[12-Oct-2025 13:51:19 Africa/Dakar] DEBUG: Filtres reçus: {"status":"En preparation","date_from":"","date_to":"","sort":"order_date","direction":"DESC"}
[12-Oct-2025 13:51:23 Africa/Dakar] DEBUG: Route admin-orders détectée
[12-Oct-2025 13:51:23 Africa/Dakar] DEBUG: listOrders() appelé - Session user: OUI
[12-Oct-2025 13:51:23 Africa/Dakar] DEBUG: Role utilisateur: admin
[12-Oct-2025 13:51:23 Africa/Dakar] DEBUG: checkAdmin() - Session user: OUI
[12-Oct-2025 13:51:23 Africa/Dakar] DEBUG: checkAdmin() - Role: admin
[12-Oct-2025 13:51:23 Africa/Dakar] DEBUG: checkAdmin() - Admin vérifié avec succès
[12-Oct-2025 13:51:23 Africa/Dakar] DEBUG: Filtres reçus: {"status":"Livr\u00e9e","date_from":"","date_to":"","sort":"order_date","direction":"DESC"}
[12-Oct-2025 13:51:27 Africa/Dakar] DEBUG: Route admin-orders détectée
[12-Oct-2025 13:51:27 Africa/Dakar] DEBUG: listOrders() appelé - Session user: OUI
[12-Oct-2025 13:51:27 Africa/Dakar] DEBUG: Role utilisateur: admin
[12-Oct-2025 13:51:27 Africa/Dakar] DEBUG: checkAdmin() - Session user: OUI
[12-Oct-2025 13:51:27 Africa/Dakar] DEBUG: checkAdmin() - Role: admin
[12-Oct-2025 13:51:27 Africa/Dakar] DEBUG: checkAdmin() - Admin vérifié avec succès
[12-Oct-2025 13:51:27 Africa/Dakar] DEBUG: Filtres reçus: {"status":"En attente","date_from":"","date_to":"","sort":"order_date","direction":"DESC"}
[12-Oct-2025 13:51:27 Africa/Dakar] PHP Deprecated:  htmlspecialchars(): Passing null to parameter #1 ($string) of type string is deprecated in /Applications/MAMP/htdocs/AuraFine/app/views/orders-table.phtml on line 41
[12-Oct-2025 13:51:27 Africa/Dakar] PHP Deprecated:  htmlspecialchars(): Passing null to parameter #1 ($string) of type string is deprecated in /Applications/MAMP/htdocs/AuraFine/app/views/orders-table.phtml on line 41
[12-Oct-2025 13:52:27 Africa/Dakar] DEBUG: Route admin-orders détectée
[12-Oct-2025 13:52:27 Africa/Dakar] DEBUG: listOrders() appelé - Session user: OUI
[12-Oct-2025 13:52:27 Africa/Dakar] DEBUG: Role utilisateur: admin
[12-Oct-2025 13:52:27 Africa/Dakar] DEBUG: checkAdmin() - Session user: OUI
[12-Oct-2025 13:52:27 Africa/Dakar] DEBUG: checkAdmin() - Role: admin
[12-Oct-2025 13:52:27 Africa/Dakar] DEBUG: checkAdmin() - Admin vérifié avec succès
[12-Oct-2025 13:52:27 Africa/Dakar] DEBUG: Filtres reçus: {"status":"","date_from":"","date_to":"","sort":"order_date","direction":"DESC"}
[12-Oct-2025 13:55:22 Africa/Dakar] DEBUG: Route admin-orders détectée
[12-Oct-2025 13:55:22 Africa/Dakar] DEBUG: listOrders() appelé - Session user: OUI
[12-Oct-2025 13:55:22 Africa/Dakar] DEBUG: Role utilisateur: admin
[12-Oct-2025 13:55:22 Africa/Dakar] DEBUG: checkAdmin() - Session user: OUI
[12-Oct-2025 13:55:22 Africa/Dakar] DEBUG: checkAdmin() - Role: admin
[12-Oct-2025 13:55:22 Africa/Dakar] DEBUG: checkAdmin() - Admin vérifié avec succès
[12-Oct-2025 13:55:22 Africa/Dakar] DEBUG: Filtres reçus: {"status":"","date_from":"","date_to":"","sort":"order_date","direction":"DESC"}
[12-Oct-2025 13:55:40 Africa/Dakar] DEBUG: Route admin-orders détectée
[12-Oct-2025 13:55:40 Africa/Dakar] DEBUG: listOrders() appelé - Session user: OUI
[12-Oct-2025 13:55:40 Africa/Dakar] DEBUG: Role utilisateur: admin
[12-Oct-2025 13:55:40 Africa/Dakar] DEBUG: checkAdmin() - Session user: OUI
[12-Oct-2025 13:55:40 Africa/Dakar] DEBUG: checkAdmin() - Role: admin
[12-Oct-2025 13:55:40 Africa/Dakar] DEBUG: checkAdmin() - Admin vérifié avec succès
[12-Oct-2025 13:55:40 Africa/Dakar] DEBUG: Filtres reçus: {"status":"En preparation","date_from":"","date_to":"","sort":"order_date","direction":"DESC"}
[12-Oct-2025 13:55:47 Africa/Dakar] DEBUG: Route admin-orders détectée
[12-Oct-2025 13:55:47 Africa/Dakar] DEBUG: listOrders() appelé - Session user: OUI
[12-Oct-2025 13:55:47 Africa/Dakar] DEBUG: Role utilisateur: admin
[12-Oct-2025 13:55:47 Africa/Dakar] DEBUG: checkAdmin() - Session user: OUI
[12-Oct-2025 13:55:47 Africa/Dakar] DEBUG: checkAdmin() - Role: admin
[12-Oct-2025 13:55:47 Africa/Dakar] DEBUG: checkAdmin() - Admin vérifié avec succès
[12-Oct-2025 13:55:47 Africa/Dakar] DEBUG: Filtres reçus: {"status":"Livraison en cours","date_from":"","date_to":"","sort":"order_date","direction":"DESC"}
[12-Oct-2025 13:55:49 Africa/Dakar] DEBUG: Route admin-orders détectée
[12-Oct-2025 13:55:49 Africa/Dakar] DEBUG: listOrders() appelé - Session user: OUI
[12-Oct-2025 13:55:49 Africa/Dakar] DEBUG: Role utilisateur: admin
[12-Oct-2025 13:55:49 Africa/Dakar] DEBUG: checkAdmin() - Session user: OUI
[12-Oct-2025 13:55:49 Africa/Dakar] DEBUG: checkAdmin() - Role: admin
[12-Oct-2025 13:55:49 Africa/Dakar] DEBUG: checkAdmin() - Admin vérifié avec succès
[12-Oct-2025 13:55:49 Africa/Dakar] DEBUG: Filtres reçus: {"status":"Livr\u00e9e","date_from":"","date_to":"","sort":"order_date","direction":"DESC"}
[12-Oct-2025 13:55:52 Africa/Dakar] DEBUG: Route admin-orders détectée
[12-Oct-2025 13:55:52 Africa/Dakar] DEBUG: listOrders() appelé - Session user: OUI
[12-Oct-2025 13:55:52 Africa/Dakar] DEBUG: Role utilisateur: admin
[12-Oct-2025 13:55:52 Africa/Dakar] DEBUG: checkAdmin() - Session user: OUI
[12-Oct-2025 13:55:52 Africa/Dakar] DEBUG: checkAdmin() - Role: admin
[12-Oct-2025 13:55:52 Africa/Dakar] DEBUG: checkAdmin() - Admin vérifié avec succès
[12-Oct-2025 13:55:52 Africa/Dakar] DEBUG: Filtres reçus: {"status":"annul\u00e9e","date_from":"","date_to":"","sort":"order_date","direction":"DESC"}
[12-Oct-2025 13:55:57 Africa/Dakar] DEBUG: Route admin-orders détectée
[12-Oct-2025 13:55:57 Africa/Dakar] DEBUG: listOrders() appelé - Session user: OUI
[12-Oct-2025 13:55:57 Africa/Dakar] DEBUG: Role utilisateur: admin
[12-Oct-2025 13:55:57 Africa/Dakar] DEBUG: checkAdmin() - Session user: OUI
[12-Oct-2025 13:55:57 Africa/Dakar] DEBUG: checkAdmin() - Role: admin
[12-Oct-2025 13:55:57 Africa/Dakar] DEBUG: checkAdmin() - Admin vérifié avec succès
[12-Oct-2025 13:55:57 Africa/Dakar] DEBUG: Filtres reçus: {"status":"","date_from":"","date_to":"","sort":"order_date","direction":"DESC"}
[12-Oct-2025 13:56:05 Africa/Dakar] DEBUG: Route admin-orders détectée
[12-Oct-2025 13:56:05 Africa/Dakar] DEBUG: listOrders() appelé - Session user: OUI
[12-Oct-2025 13:56:05 Africa/Dakar] DEBUG: Role utilisateur: admin
[12-Oct-2025 13:56:05 Africa/Dakar] DEBUG: checkAdmin() - Session user: OUI
[12-Oct-2025 13:56:05 Africa/Dakar] DEBUG: checkAdmin() - Role: admin
[12-Oct-2025 13:56:05 Africa/Dakar] DEBUG: checkAdmin() - Admin vérifié avec succès
[12-Oct-2025 13:56:05 Africa/Dakar] DEBUG: Filtres reçus: {"status":"","date_from":"2025-10-09","date_to":"","sort":"order_date","direction":"DESC"}
[12-Oct-2025 13:56:18 Africa/Dakar] DEBUG: Route admin-orders détectée
[12-Oct-2025 13:56:18 Africa/Dakar] DEBUG: listOrders() appelé - Session user: OUI
[12-Oct-2025 13:56:18 Africa/Dakar] DEBUG: Role utilisateur: admin
[12-Oct-2025 13:56:18 Africa/Dakar] DEBUG: checkAdmin() - Session user: OUI
[12-Oct-2025 13:56:18 Africa/Dakar] DEBUG: checkAdmin() - Role: admin
[12-Oct-2025 13:56:18 Africa/Dakar] DEBUG: checkAdmin() - Admin vérifié avec succès
[12-Oct-2025 13:56:18 Africa/Dakar] DEBUG: Filtres reçus: {"status":"","date_from":"2025-10-10","date_to":"","sort":"order_date","direction":"DESC"}
[12-Oct-2025 13:56:28 Africa/Dakar] DEBUG: Route admin-orders détectée
[12-Oct-2025 13:56:28 Africa/Dakar] DEBUG: listOrders() appelé - Session user: OUI
[12-Oct-2025 13:56:28 Africa/Dakar] DEBUG: Role utilisateur: admin
[12-Oct-2025 13:56:28 Africa/Dakar] DEBUG: checkAdmin() - Session user: OUI
[12-Oct-2025 13:56:28 Africa/Dakar] DEBUG: checkAdmin() - Role: admin
[12-Oct-2025 13:56:28 Africa/Dakar] DEBUG: checkAdmin() - Admin vérifié avec succès
[12-Oct-2025 13:56:28 Africa/Dakar] DEBUG: Filtres reçus: {"status":"","date_from":"2025-10-01","date_to":"","sort":"order_date","direction":"DESC"}
[12-Oct-2025 13:56:40 Africa/Dakar] DEBUG: Route admin-orders détectée
[12-Oct-2025 13:56:40 Africa/Dakar] DEBUG: listOrders() appelé - Session user: OUI
[12-Oct-2025 13:56:40 Africa/Dakar] DEBUG: Role utilisateur: admin
[12-Oct-2025 13:56:40 Africa/Dakar] DEBUG: checkAdmin() - Session user: OUI
[12-Oct-2025 13:56:40 Africa/Dakar] DEBUG: checkAdmin() - Role: admin
[12-Oct-2025 13:56:40 Africa/Dakar] DEBUG: checkAdmin() - Admin vérifié avec succès
[12-Oct-2025 13:56:40 Africa/Dakar] DEBUG: Filtres reçus: {"status":"","date_from":"2025-10-01","date_to":"2025-10-06","sort":"order_date","direction":"DESC"}
[12-Oct-2025 14:00:10 Africa/Dakar] DEBUG: Route admin-orders détectée
[12-Oct-2025 14:00:10 Africa/Dakar] DEBUG: listOrders() appelé - Session user: OUI
[12-Oct-2025 14:00:10 Africa/Dakar] DEBUG: Role utilisateur: admin
[12-Oct-2025 14:00:10 Africa/Dakar] DEBUG: checkAdmin() - Session user: OUI
[12-Oct-2025 14:00:10 Africa/Dakar] DEBUG: checkAdmin() - Role: admin
[12-Oct-2025 14:00:10 Africa/Dakar] DEBUG: checkAdmin() - Admin vérifié avec succès
[12-Oct-2025 14:00:10 Africa/Dakar] DEBUG: Filtres reçus: {"status":"","date_from":"","date_to":"","sort":"order_date","direction":"DESC"}
[12-Oct-2025 14:00:18 Africa/Dakar] DEBUG: Route admin-orders détectée
[12-Oct-2025 14:00:18 Africa/Dakar] DEBUG: listOrders() appelé - Session user: OUI
[12-Oct-2025 14:00:18 Africa/Dakar] DEBUG: Role utilisateur: admin
[12-Oct-2025 14:00:18 Africa/Dakar] DEBUG: checkAdmin() - Session user: OUI
[12-Oct-2025 14:00:18 Africa/Dakar] DEBUG: checkAdmin() - Role: admin
[12-Oct-2025 14:00:18 Africa/Dakar] DEBUG: checkAdmin() - Admin vérifié avec succès
[12-Oct-2025 14:00:18 Africa/Dakar] DEBUG: Filtres reçus: {"status":"En attente","date_from":"","date_to":"","sort":"order_date","direction":"DESC"}
[12-Oct-2025 14:02:44 Africa/Dakar] DEBUG: Route admin-orders détectée
[12-Oct-2025 14:02:44 Africa/Dakar] DEBUG: listOrders() appelé - Session user: OUI
[12-Oct-2025 14:02:44 Africa/Dakar] DEBUG: Role utilisateur: admin
[12-Oct-2025 14:02:44 Africa/Dakar] DEBUG: checkAdmin() - Session user: OUI
[12-Oct-2025 14:02:44 Africa/Dakar] DEBUG: checkAdmin() - Role: admin
[12-Oct-2025 14:02:44 Africa/Dakar] DEBUG: checkAdmin() - Admin vérifié avec succès
[12-Oct-2025 14:02:44 Africa/Dakar] DEBUG: Filtres reçus: {"status":"","date_from":"","date_to":"","sort":"order_date","direction":"DESC"}
[12-Oct-2025 14:02:51 Africa/Dakar] DEBUG: Route admin-orders détectée
[12-Oct-2025 14:02:51 Africa/Dakar] DEBUG: listOrders() appelé - Session user: OUI
[12-Oct-2025 14:02:51 Africa/Dakar] DEBUG: Role utilisateur: admin
[12-Oct-2025 14:02:51 Africa/Dakar] DEBUG: checkAdmin() - Session user: OUI
[12-Oct-2025 14:02:51 Africa/Dakar] DEBUG: checkAdmin() - Role: admin
[12-Oct-2025 14:02:51 Africa/Dakar] DEBUG: checkAdmin() - Admin vérifié avec succès
[12-Oct-2025 14:02:51 Africa/Dakar] DEBUG: Filtres reçus: {"status":"En attente","date_from":"","date_to":"","sort":"order_date","direction":"DESC"}
[12-Oct-2025 14:02:54 Africa/Dakar] DEBUG: Route admin-orders détectée
[12-Oct-2025 14:02:54 Africa/Dakar] DEBUG: listOrders() appelé - Session user: OUI
[12-Oct-2025 14:02:54 Africa/Dakar] DEBUG: Role utilisateur: admin
[12-Oct-2025 14:02:54 Africa/Dakar] DEBUG: checkAdmin() - Session user: OUI
[12-Oct-2025 14:02:54 Africa/Dakar] DEBUG: checkAdmin() - Role: admin
[12-Oct-2025 14:02:54 Africa/Dakar] DEBUG: checkAdmin() - Admin vérifié avec succès
[12-Oct-2025 14:02:54 Africa/Dakar] DEBUG: Filtres reçus: {"status":"En preparation","date_from":"","date_to":"","sort":"order_date","direction":"DESC"}
[12-Oct-2025 14:02:56 Africa/Dakar] DEBUG: Route admin-orders détectée
[12-Oct-2025 14:02:56 Africa/Dakar] DEBUG: listOrders() appelé - Session user: OUI
[12-Oct-2025 14:02:56 Africa/Dakar] DEBUG: Role utilisateur: admin
[12-Oct-2025 14:02:56 Africa/Dakar] DEBUG: checkAdmin() - Session user: OUI
[12-Oct-2025 14:02:56 Africa/Dakar] DEBUG: checkAdmin() - Role: admin
[12-Oct-2025 14:02:56 Africa/Dakar] DEBUG: checkAdmin() - Admin vérifié avec succès
[12-Oct-2025 14:02:56 Africa/Dakar] DEBUG: Filtres reçus: {"status":"Livr\u00e9e","date_from":"","date_to":"","sort":"order_date","direction":"DESC"}
[12-Oct-2025 14:03:01 Africa/Dakar] DEBUG: Route admin-orders détectée
[12-Oct-2025 14:03:01 Africa/Dakar] DEBUG: listOrders() appelé - Session user: OUI
[12-Oct-2025 14:03:01 Africa/Dakar] DEBUG: Role utilisateur: admin
[12-Oct-2025 14:03:01 Africa/Dakar] DEBUG: checkAdmin() - Session user: OUI
[12-Oct-2025 14:03:01 Africa/Dakar] DEBUG: checkAdmin() - Role: admin
[12-Oct-2025 14:03:01 Africa/Dakar] DEBUG: checkAdmin() - Admin vérifié avec succès
[12-Oct-2025 14:03:01 Africa/Dakar] DEBUG: Filtres reçus: {"status":"En attente","date_from":"","date_to":"","sort":"order_date","direction":"DESC"}
[12-Oct-2025 14:11:00 Africa/Dakar] DEBUG: Route admin-orders détectée
[12-Oct-2025 14:11:00 Africa/Dakar] DEBUG: listOrders() appelé - Session user: OUI
[12-Oct-2025 14:11:00 Africa/Dakar] DEBUG: Role utilisateur: admin
[12-Oct-2025 14:11:00 Africa/Dakar] DEBUG: checkAdmin() - Session user: OUI
[12-Oct-2025 14:11:00 Africa/Dakar] DEBUG: checkAdmin() - Role: admin
[12-Oct-2025 14:11:00 Africa/Dakar] DEBUG: checkAdmin() - Admin vérifié avec succès
[12-Oct-2025 14:11:00 Africa/Dakar] DEBUG: Filtres reçus: {"status":"","date_from":"","date_to":"","sort":"order_date","direction":"DESC"}
[12-Oct-2025 14:11:05 Africa/Dakar] DEBUG: Route admin-orders détectée
[12-Oct-2025 14:11:05 Africa/Dakar] DEBUG: listOrders() appelé - Session user: OUI
[12-Oct-2025 14:11:05 Africa/Dakar] DEBUG: Role utilisateur: admin
[12-Oct-2025 14:11:05 Africa/Dakar] DEBUG: checkAdmin() - Session user: OUI
[12-Oct-2025 14:11:05 Africa/Dakar] DEBUG: checkAdmin() - Role: admin
[12-Oct-2025 14:11:05 Africa/Dakar] DEBUG: checkAdmin() - Admin vérifié avec succès
[12-Oct-2025 14:11:05 Africa/Dakar] DEBUG: Filtres reçus: {"status":"En preparation","date_from":"","date_to":"","sort":"order_date","direction":"DESC"}
[12-Oct-2025 14:14:44 Africa/Dakar] DEBUG: Route admin-orders détectée
[12-Oct-2025 14:14:44 Africa/Dakar] DEBUG: listOrders() appelé - Session user: OUI
[12-Oct-2025 14:14:44 Africa/Dakar] DEBUG: Role utilisateur: admin
[12-Oct-2025 14:14:44 Africa/Dakar] DEBUG: checkAdmin() - Session user: OUI
[12-Oct-2025 14:14:44 Africa/Dakar] DEBUG: checkAdmin() - Role: admin
[12-Oct-2025 14:14:44 Africa/Dakar] DEBUG: checkAdmin() - Admin vérifié avec succès
[12-Oct-2025 14:14:44 Africa/Dakar] DEBUG: Filtres reçus: {"status":"","date_from":"","date_to":"","sort":"order_date","direction":"DESC"}
[12-Oct-2025 14:14:47 Africa/Dakar] DEBUG: Route admin-orders détectée
[12-Oct-2025 14:14:47 Africa/Dakar] DEBUG: listOrders() appelé - Session user: OUI
[12-Oct-2025 14:14:47 Africa/Dakar] DEBUG: Role utilisateur: admin
[12-Oct-2025 14:14:47 Africa/Dakar] DEBUG: checkAdmin() - Session user: OUI
[12-Oct-2025 14:14:47 Africa/Dakar] DEBUG: checkAdmin() - Role: admin
[12-Oct-2025 14:14:47 Africa/Dakar] DEBUG: checkAdmin() - Admin vérifié avec succès
[12-Oct-2025 14:14:47 Africa/Dakar] DEBUG: Filtres reçus: {"status":"En attente","date_from":"","date_to":"","sort":"order_date","direction":"DESC"}
[12-Oct-2025 14:14:51 Africa/Dakar] DEBUG: Route admin-orders détectée
[12-Oct-2025 14:14:51 Africa/Dakar] DEBUG: listOrders() appelé - Session user: OUI
[12-Oct-2025 14:14:51 Africa/Dakar] DEBUG: Role utilisateur: admin
[12-Oct-2025 14:14:51 Africa/Dakar] DEBUG: checkAdmin() - Session user: OUI
[12-Oct-2025 14:14:51 Africa/Dakar] DEBUG: checkAdmin() - Role: admin
[12-Oct-2025 14:14:51 Africa/Dakar] DEBUG: checkAdmin() - Admin vérifié avec succès
[12-Oct-2025 14:14:51 Africa/Dakar] DEBUG: Filtres reçus: {"status":"En preparation","date_from":"","date_to":"","sort":"order_date","direction":"DESC"}
[12-Oct-2025 14:14:54 Africa/Dakar] DEBUG: Route admin-orders détectée
[12-Oct-2025 14:14:54 Africa/Dakar] DEBUG: listOrders() appelé - Session user: OUI
[12-Oct-2025 14:14:54 Africa/Dakar] DEBUG: Role utilisateur: admin
[12-Oct-2025 14:14:54 Africa/Dakar] DEBUG: checkAdmin() - Session user: OUI
[12-Oct-2025 14:14:54 Africa/Dakar] DEBUG: checkAdmin() - Role: admin
[12-Oct-2025 14:14:54 Africa/Dakar] DEBUG: checkAdmin() - Admin vérifié avec succès
[12-Oct-2025 14:14:54 Africa/Dakar] DEBUG: Filtres reçus: {"status":"","date_from":"","date_to":"","sort":"order_date","direction":"DESC"}
[12-Oct-2025 14:15:00 Africa/Dakar] DEBUG: Route admin-orders détectée
[12-Oct-2025 14:15:00 Africa/Dakar] DEBUG: listOrders() appelé - Session user: OUI
[12-Oct-2025 14:15:00 Africa/Dakar] DEBUG: Role utilisateur: admin
[12-Oct-2025 14:15:00 Africa/Dakar] DEBUG: checkAdmin() - Session user: OUI
[12-Oct-2025 14:15:00 Africa/Dakar] DEBUG: checkAdmin() - Role: admin
[12-Oct-2025 14:15:00 Africa/Dakar] DEBUG: checkAdmin() - Admin vérifié avec succès
[12-Oct-2025 14:15:00 Africa/Dakar] DEBUG: Filtres reçus: {"status":"En preparation","date_from":"","date_to":"","sort":"order_date","direction":"DESC"}
[12-Oct-2025 14:15:03 Africa/Dakar] DEBUG: Route admin-orders détectée
[12-Oct-2025 14:15:03 Africa/Dakar] DEBUG: listOrders() appelé - Session user: OUI
[12-Oct-2025 14:15:03 Africa/Dakar] DEBUG: Role utilisateur: admin
[12-Oct-2025 14:15:03 Africa/Dakar] DEBUG: checkAdmin() - Session user: OUI
[12-Oct-2025 14:15:03 Africa/Dakar] DEBUG: checkAdmin() - Role: admin
[12-Oct-2025 14:15:03 Africa/Dakar] DEBUG: checkAdmin() - Admin vérifié avec succès
[12-Oct-2025 14:15:03 Africa/Dakar] DEBUG: Filtres reçus: {"status":"Livraison en cours","date_from":"","date_to":"","sort":"order_date","direction":"DESC"}
[12-Oct-2025 14:15:06 Africa/Dakar] DEBUG: Route admin-orders détectée
[12-Oct-2025 14:15:06 Africa/Dakar] DEBUG: listOrders() appelé - Session user: OUI
[12-Oct-2025 14:15:06 Africa/Dakar] DEBUG: Role utilisateur: admin
[12-Oct-2025 14:15:06 Africa/Dakar] DEBUG: checkAdmin() - Session user: OUI
[12-Oct-2025 14:15:06 Africa/Dakar] DEBUG: checkAdmin() - Role: admin
[12-Oct-2025 14:15:06 Africa/Dakar] DEBUG: checkAdmin() - Admin vérifié avec succès
[12-Oct-2025 14:15:06 Africa/Dakar] DEBUG: Filtres reçus: {"status":"Livr\u00e9e","date_from":"","date_to":"","sort":"order_date","direction":"DESC"}
[12-Oct-2025 14:15:16 Africa/Dakar] DEBUG: Route admin-orders détectée
[12-Oct-2025 14:15:16 Africa/Dakar] DEBUG: listOrders() appelé - Session user: OUI
[12-Oct-2025 14:15:16 Africa/Dakar] DEBUG: Role utilisateur: admin
[12-Oct-2025 14:15:16 Africa/Dakar] DEBUG: checkAdmin() - Session user: OUI
[12-Oct-2025 14:15:16 Africa/Dakar] DEBUG: checkAdmin() - Role: admin
[12-Oct-2025 14:15:16 Africa/Dakar] DEBUG: checkAdmin() - Admin vérifié avec succès
[12-Oct-2025 14:15:16 Africa/Dakar] DEBUG: Filtres reçus: {"status":"Livr\u00e9e","date_from":"2025-10-08","date_to":"","sort":"order_date","direction":"DESC"}
[12-Oct-2025 14:15:22 Africa/Dakar] DEBUG: Route admin-orders détectée
[12-Oct-2025 14:15:22 Africa/Dakar] DEBUG: listOrders() appelé - Session user: OUI
[12-Oct-2025 14:15:22 Africa/Dakar] DEBUG: Role utilisateur: admin
[12-Oct-2025 14:15:22 Africa/Dakar] DEBUG: checkAdmin() - Session user: OUI
[12-Oct-2025 14:15:22 Africa/Dakar] DEBUG: checkAdmin() - Role: admin
[12-Oct-2025 14:15:22 Africa/Dakar] DEBUG: checkAdmin() - Admin vérifié avec succès
[12-Oct-2025 14:15:22 Africa/Dakar] DEBUG: Filtres reçus: {"status":"Livr\u00e9e","date_from":"2025-10-08","date_to":"2025-10-09","sort":"order_date","direction":"DESC"}
[12-Oct-2025 14:15:30 Africa/Dakar] DEBUG: Route admin-orders détectée
[12-Oct-2025 14:15:30 Africa/Dakar] DEBUG: listOrders() appelé - Session user: OUI
[12-Oct-2025 14:15:30 Africa/Dakar] DEBUG: Role utilisateur: admin
[12-Oct-2025 14:15:30 Africa/Dakar] DEBUG: checkAdmin() - Session user: OUI
[12-Oct-2025 14:15:30 Africa/Dakar] DEBUG: checkAdmin() - Role: admin
[12-Oct-2025 14:15:30 Africa/Dakar] DEBUG: checkAdmin() - Admin vérifié avec succès
[12-Oct-2025 14:15:30 Africa/Dakar] DEBUG: Filtres reçus: {"status":"En attente","date_from":"2025-10-08","date_to":"2025-10-09","sort":"order_date","direction":"DESC"}
[12-Oct-2025 14:15:38 Africa/Dakar] DEBUG: Route admin-orders détectée
[12-Oct-2025 14:15:38 Africa/Dakar] DEBUG: listOrders() appelé - Session user: OUI
[12-Oct-2025 14:15:38 Africa/Dakar] DEBUG: Role utilisateur: admin
[12-Oct-2025 14:15:38 Africa/Dakar] DEBUG: checkAdmin() - Session user: OUI
[12-Oct-2025 14:15:38 Africa/Dakar] DEBUG: checkAdmin() - Role: admin
[12-Oct-2025 14:15:38 Africa/Dakar] DEBUG: checkAdmin() - Admin vérifié avec succès
[12-Oct-2025 14:15:38 Africa/Dakar] DEBUG: Filtres reçus: {"status":"Livraison en cours","date_from":"2025-10-08","date_to":"2025-10-09","sort":"order_date","direction":"DESC"}
[12-Oct-2025 14:15:40 Africa/Dakar] DEBUG: Route admin-orders détectée
[12-Oct-2025 14:15:40 Africa/Dakar] DEBUG: listOrders() appelé - Session user: OUI
[12-Oct-2025 14:15:40 Africa/Dakar] DEBUG: Role utilisateur: admin
[12-Oct-2025 14:15:40 Africa/Dakar] DEBUG: checkAdmin() - Session user: OUI
[12-Oct-2025 14:15:40 Africa/Dakar] DEBUG: checkAdmin() - Role: admin
[12-Oct-2025 14:15:40 Africa/Dakar] DEBUG: checkAdmin() - Admin vérifié avec succès
[12-Oct-2025 14:15:40 Africa/Dakar] DEBUG: Filtres reçus: {"status":"annul\u00e9e","date_from":"2025-10-08","date_to":"2025-10-09","sort":"order_date","direction":"DESC"}
[12-Oct-2025 14:15:42 Africa/Dakar] DEBUG: Route admin-orders détectée
[12-Oct-2025 14:15:42 Africa/Dakar] DEBUG: listOrders() appelé - Session user: OUI
[12-Oct-2025 14:15:42 Africa/Dakar] DEBUG: Role utilisateur: admin
[12-Oct-2025 14:15:42 Africa/Dakar] DEBUG: checkAdmin() - Session user: OUI
[12-Oct-2025 14:15:42 Africa/Dakar] DEBUG: checkAdmin() - Role: admin
[12-Oct-2025 14:15:42 Africa/Dakar] DEBUG: checkAdmin() - Admin vérifié avec succès
[12-Oct-2025 14:15:42 Africa/Dakar] DEBUG: Filtres reçus: {"status":"Livr\u00e9e","date_from":"2025-10-08","date_to":"2025-10-09","sort":"order_date","direction":"DESC"}
[12-Oct-2025 14:15:45 Africa/Dakar] DEBUG: Route admin-orders détectée
[12-Oct-2025 14:15:46 Africa/Dakar] DEBUG: listOrders() appelé - Session user: OUI
[12-Oct-2025 14:15:46 Africa/Dakar] DEBUG: Role utilisateur: admin
[12-Oct-2025 14:15:46 Africa/Dakar] DEBUG: checkAdmin() - Session user: OUI
[12-Oct-2025 14:15:46 Africa/Dakar] DEBUG: checkAdmin() - Role: admin
[12-Oct-2025 14:15:46 Africa/Dakar] DEBUG: checkAdmin() - Admin vérifié avec succès
[12-Oct-2025 14:15:46 Africa/Dakar] DEBUG: Filtres reçus: {"status":"","date_from":"","date_to":"","sort":"order_date","direction":"DESC"}
[12-Oct-2025 14:15:55 Africa/Dakar] DEBUG: checkAdmin() - Session user: OUI
[12-Oct-2025 14:15:55 Africa/Dakar] DEBUG: checkAdmin() - Role: admin
[12-Oct-2025 14:15:55 Africa/Dakar] DEBUG: checkAdmin() - Admin vérifié avec succès
[12-Oct-2025 14:40:00 Africa/Dakar] DEBUG: checkAdmin() - Session user: OUI
[12-Oct-2025 14:40:00 Africa/Dakar] DEBUG: checkAdmin() - Role: admin
[12-Oct-2025 14:40:00 Africa/Dakar] DEBUG: checkAdmin() - Admin vérifié avec succès
[12-Oct-2025 14:40:04 Africa/Dakar] DEBUG: checkAdmin() - Session user: OUI
[12-Oct-2025 14:40:04 Africa/Dakar] DEBUG: checkAdmin() - Role: admin
[12-Oct-2025 14:40:04 Africa/Dakar] DEBUG: checkAdmin() - Admin vérifié avec succès
[12-Oct-2025 14:58:39 Africa/Dakar] DEBUG: checkAdmin() - Session user: OUI
[12-Oct-2025 14:58:39 Africa/Dakar] DEBUG: checkAdmin() - Role: admin
[12-Oct-2025 14:58:39 Africa/Dakar] DEBUG: checkAdmin() - Admin vérifié avec succès
[12-Oct-2025 14:58:47 Africa/Dakar] DEBUG: checkAdmin() - Session user: OUI
[12-Oct-2025 14:58:47 Africa/Dakar] DEBUG: checkAdmin() - Role: admin
[12-Oct-2025 14:58:47 Africa/Dakar] DEBUG: checkAdmin() - Admin vérifié avec succès
[12-Oct-2025 15:13:13 Africa/Dakar] DEBUG: Route admin-orders détectée
[12-Oct-2025 15:13:13 Africa/Dakar] DEBUG: listOrders() appelé - Session user: OUI
[12-Oct-2025 15:13:13 Africa/Dakar] DEBUG: Role utilisateur: admin
[12-Oct-2025 15:13:13 Africa/Dakar] DEBUG: checkAdmin() - Session user: OUI
[12-Oct-2025 15:13:13 Africa/Dakar] DEBUG: checkAdmin() - Role: admin
[12-Oct-2025 15:13:13 Africa/Dakar] DEBUG: checkAdmin() - Admin vérifié avec succès
[12-Oct-2025 15:13:13 Africa/Dakar] DEBUG: Filtres reçus: {"status":"En preparation","date_from":"","date_to":"","sort":"order_date","direction":"DESC"}
[12-Oct-2025 15:13:19 Africa/Dakar] DEBUG: checkAdmin() - Session user: OUI
[12-Oct-2025 15:13:19 Africa/Dakar] DEBUG: checkAdmin() - Role: admin
[12-Oct-2025 15:13:19 Africa/Dakar] DEBUG: checkAdmin() - Admin vérifié avec succès
[12-Oct-2025 15:13:19 Africa/Dakar] DEBUG: checkAdmin() - Session user: OUI
[12-Oct-2025 15:13:19 Africa/Dakar] DEBUG: checkAdmin() - Role: admin
[12-Oct-2025 15:13:19 Africa/Dakar] DEBUG: checkAdmin() - Admin vérifié avec succès
[12-Oct-2025 15:13:40 Africa/Dakar] DEBUG: Route admin-orders détectée
[12-Oct-2025 15:13:40 Africa/Dakar] DEBUG: listOrders() appelé - Session user: OUI
[12-Oct-2025 15:13:40 Africa/Dakar] DEBUG: Role utilisateur: admin
[12-Oct-2025 15:13:40 Africa/Dakar] DEBUG: checkAdmin() - Session user: OUI
[12-Oct-2025 15:13:40 Africa/Dakar] DEBUG: checkAdmin() - Role: admin
[12-Oct-2025 15:13:40 Africa/Dakar] DEBUG: checkAdmin() - Admin vérifié avec succès
[12-Oct-2025 15:13:40 Africa/Dakar] DEBUG: Filtres reçus: {"status":"","date_from":"","date_to":"","sort":"order_date","direction":"DESC"}
[12-Oct-2025 15:14:42 Africa/Dakar] DEBUG: Route admin-orders détectée
[12-Oct-2025 15:14:42 Africa/Dakar] DEBUG: listOrders() appelé - Session user: OUI
[12-Oct-2025 15:14:42 Africa/Dakar] DEBUG: Role utilisateur: admin
[12-Oct-2025 15:14:42 Africa/Dakar] DEBUG: checkAdmin() - Session user: OUI
[12-Oct-2025 15:14:42 Africa/Dakar] DEBUG: checkAdmin() - Role: admin
[12-Oct-2025 15:14:42 Africa/Dakar] DEBUG: checkAdmin() - Admin vérifié avec succès
[12-Oct-2025 15:14:42 Africa/Dakar] DEBUG: Filtres reçus: {"status":"En attente","date_from":"","date_to":"","sort":"order_date","direction":"DESC"}
[12-Oct-2025 15:14:49 Africa/Dakar] DEBUG: Route admin-orders détectée
[12-Oct-2025 15:14:49 Africa/Dakar] DEBUG: listOrders() appelé - Session user: OUI
[12-Oct-2025 15:14:49 Africa/Dakar] DEBUG: Role utilisateur: admin
[12-Oct-2025 15:14:49 Africa/Dakar] DEBUG: checkAdmin() - Session user: OUI
[12-Oct-2025 15:14:49 Africa/Dakar] DEBUG: checkAdmin() - Role: admin
[12-Oct-2025 15:14:49 Africa/Dakar] DEBUG: checkAdmin() - Admin vérifié avec succès
[12-Oct-2025 15:14:49 Africa/Dakar] DEBUG: Filtres reçus: {"status":"En preparation","date_from":"","date_to":"","sort":"order_date","direction":"DESC"}
[12-Oct-2025 15:14:52 Africa/Dakar] DEBUG: Route admin-orders détectée
[12-Oct-2025 15:14:52 Africa/Dakar] DEBUG: listOrders() appelé - Session user: OUI
[12-Oct-2025 15:14:52 Africa/Dakar] DEBUG: Role utilisateur: admin
[12-Oct-2025 15:14:52 Africa/Dakar] DEBUG: checkAdmin() - Session user: OUI
[12-Oct-2025 15:14:52 Africa/Dakar] DEBUG: checkAdmin() - Role: admin
[12-Oct-2025 15:14:52 Africa/Dakar] DEBUG: checkAdmin() - Admin vérifié avec succès
[12-Oct-2025 15:14:52 Africa/Dakar] DEBUG: Filtres reçus: {"status":"Livraison en cours","date_from":"","date_to":"","sort":"order_date","direction":"DESC"}
[12-Oct-2025 15:14:56 Africa/Dakar] DEBUG: Route admin-orders détectée
[12-Oct-2025 15:14:56 Africa/Dakar] DEBUG: listOrders() appelé - Session user: OUI
[12-Oct-2025 15:14:56 Africa/Dakar] DEBUG: Role utilisateur: admin
[12-Oct-2025 15:14:56 Africa/Dakar] DEBUG: checkAdmin() - Session user: OUI
[12-Oct-2025 15:14:56 Africa/Dakar] DEBUG: checkAdmin() - Role: admin
[12-Oct-2025 15:14:56 Africa/Dakar] DEBUG: checkAdmin() - Admin vérifié avec succès
[12-Oct-2025 15:14:56 Africa/Dakar] DEBUG: Filtres reçus: {"status":"Livr\u00e9e","date_from":"","date_to":"","sort":"order_date","direction":"DESC"}
[12-Oct-2025 15:14:59 Africa/Dakar] DEBUG: Route admin-orders détectée
[12-Oct-2025 15:14:59 Africa/Dakar] DEBUG: listOrders() appelé - Session user: OUI
[12-Oct-2025 15:14:59 Africa/Dakar] DEBUG: Role utilisateur: admin
[12-Oct-2025 15:14:59 Africa/Dakar] DEBUG: checkAdmin() - Session user: OUI
[12-Oct-2025 15:14:59 Africa/Dakar] DEBUG: checkAdmin() - Role: admin
[12-Oct-2025 15:14:59 Africa/Dakar] DEBUG: checkAdmin() - Admin vérifié avec succès
[12-Oct-2025 15:14:59 Africa/Dakar] DEBUG: Filtres reçus: {"status":"annul\u00e9e","date_from":"","date_to":"","sort":"order_date","direction":"DESC"}
[12-Oct-2025 15:17:46 Africa/Dakar] DEBUG: Route admin-orders détectée
[12-Oct-2025 15:17:46 Africa/Dakar] DEBUG: listOrders() appelé - Session user: OUI
[12-Oct-2025 15:17:46 Africa/Dakar] DEBUG: Role utilisateur: admin
[12-Oct-2025 15:17:46 Africa/Dakar] DEBUG: checkAdmin() - Session user: OUI
[12-Oct-2025 15:17:46 Africa/Dakar] DEBUG: checkAdmin() - Role: admin
[12-Oct-2025 15:17:46 Africa/Dakar] DEBUG: checkAdmin() - Admin vérifié avec succès
[12-Oct-2025 15:17:46 Africa/Dakar] DEBUG: Filtres reçus: {"status":"En preparation","date_from":"","date_to":"","sort":"order_date","direction":"DESC"}
[12-Oct-2025 15:17:50 Africa/Dakar] DEBUG: Route admin-orders détectée
[12-Oct-2025 15:17:50 Africa/Dakar] DEBUG: listOrders() appelé - Session user: OUI
[12-Oct-2025 15:17:50 Africa/Dakar] DEBUG: Role utilisateur: admin
[12-Oct-2025 15:17:50 Africa/Dakar] DEBUG: checkAdmin() - Session user: OUI
[12-Oct-2025 15:17:50 Africa/Dakar] DEBUG: checkAdmin() - Role: admin
[12-Oct-2025 15:17:50 Africa/Dakar] DEBUG: checkAdmin() - Admin vérifié avec succès
[12-Oct-2025 15:17:50 Africa/Dakar] DEBUG: Filtres reçus: {"status":"En attente","date_from":"","date_to":"","sort":"order_date","direction":"DESC"}
[12-Oct-2025 15:18:14 Africa/Dakar] DEBUG: Route admin-orders détectée
[12-Oct-2025 15:18:14 Africa/Dakar] DEBUG: listOrders() appelé - Session user: OUI
[12-Oct-2025 15:18:14 Africa/Dakar] DEBUG: Role utilisateur: admin
[12-Oct-2025 15:18:14 Africa/Dakar] DEBUG: checkAdmin() - Session user: OUI
[12-Oct-2025 15:18:14 Africa/Dakar] DEBUG: checkAdmin() - Role: admin
[12-Oct-2025 15:18:14 Africa/Dakar] DEBUG: checkAdmin() - Admin vérifié avec succès
[12-Oct-2025 15:18:14 Africa/Dakar] DEBUG: Filtres reçus: {"status":"","date_from":"","date_to":"","sort":"order_date","direction":"DESC"}
[12-Oct-2025 15:18:21 Africa/Dakar] DEBUG: checkAdmin() - Session user: OUI
[12-Oct-2025 15:18:21 Africa/Dakar] DEBUG: checkAdmin() - Role: admin
[12-Oct-2025 15:18:21 Africa/Dakar] DEBUG: checkAdmin() - Admin vérifié avec succès
[12-Oct-2025 15:18:58 Africa/Dakar] DEBUG: Route admin-orders détectée
[12-Oct-2025 15:18:58 Africa/Dakar] DEBUG: listOrders() appelé - Session user: OUI
[12-Oct-2025 15:18:58 Africa/Dakar] DEBUG: Role utilisateur: admin
[12-Oct-2025 15:18:58 Africa/Dakar] DEBUG: checkAdmin() - Session user: OUI
[12-Oct-2025 15:18:58 Africa/Dakar] DEBUG: checkAdmin() - Role: admin
[12-Oct-2025 15:18:58 Africa/Dakar] DEBUG: checkAdmin() - Admin vérifié avec succès
[12-Oct-2025 15:18:58 Africa/Dakar] DEBUG: Filtres reçus: {"status":"","date_from":"","date_to":"","sort":"order_date","direction":"DESC"}
[12-Oct-2025 15:19:40 Africa/Dakar] DEBUG: Route admin-orders détectée
[12-Oct-2025 15:19:40 Africa/Dakar] DEBUG: listOrders() appelé - Session user: OUI
[12-Oct-2025 15:19:40 Africa/Dakar] DEBUG: Role utilisateur: admin
[12-Oct-2025 15:19:40 Africa/Dakar] DEBUG: checkAdmin() - Session user: OUI
[12-Oct-2025 15:19:40 Africa/Dakar] DEBUG: checkAdmin() - Role: admin
[12-Oct-2025 15:19:40 Africa/Dakar] DEBUG: checkAdmin() - Admin vérifié avec succès
[12-Oct-2025 15:19:40 Africa/Dakar] DEBUG: Filtres reçus: {"status":"En attente","date_from":"","date_to":"","sort":"order_date","direction":"DESC"}
[12-Oct-2025 15:20:26 Africa/Dakar] DEBUG: checkAdmin() - Session user: OUI
[12-Oct-2025 15:20:26 Africa/Dakar] DEBUG: checkAdmin() - Role: admin
[12-Oct-2025 15:20:26 Africa/Dakar] DEBUG: checkAdmin() - Admin vérifié avec succès
[12-Oct-2025 15:21:13 Africa/Dakar] DEBUG: Route admin-orders détectée
[12-Oct-2025 15:21:13 Africa/Dakar] DEBUG: listOrders() appelé - Session user: OUI
[12-Oct-2025 15:21:13 Africa/Dakar] DEBUG: Role utilisateur: admin
[12-Oct-2025 15:21:13 Africa/Dakar] DEBUG: checkAdmin() - Session user: OUI
[12-Oct-2025 15:21:13 Africa/Dakar] DEBUG: checkAdmin() - Role: admin
[12-Oct-2025 15:21:13 Africa/Dakar] DEBUG: checkAdmin() - Admin vérifié avec succès
[12-Oct-2025 15:21:13 Africa/Dakar] DEBUG: Filtres reçus: {"status":"","date_from":"","date_to":"","sort":"order_date","direction":"DESC"}
[12-Oct-2025 15:23:02 Africa/Dakar] DEBUG: checkAdmin() - Session user: OUI
[12-Oct-2025 15:23:02 Africa/Dakar] DEBUG: checkAdmin() - Role: admin
[12-Oct-2025 15:23:02 Africa/Dakar] DEBUG: checkAdmin() - Admin vérifié avec succès
[12-Oct-2025 15:24:02 Africa/Dakar] DEBUG: Route admin-orders détectée
[12-Oct-2025 15:24:02 Africa/Dakar] DEBUG: listOrders() appelé - Session user: OUI
[12-Oct-2025 15:24:02 Africa/Dakar] DEBUG: Role utilisateur: admin
[12-Oct-2025 15:24:02 Africa/Dakar] DEBUG: checkAdmin() - Session user: OUI
[12-Oct-2025 15:24:02 Africa/Dakar] DEBUG: checkAdmin() - Role: admin
[12-Oct-2025 15:24:02 Africa/Dakar] DEBUG: checkAdmin() - Admin vérifié avec succès
[12-Oct-2025 15:24:02 Africa/Dakar] DEBUG: Filtres reçus: {"status":"","date_from":"","date_to":"","sort":"order_date","direction":"DESC"}
[12-Oct-2025 15:53:19 Africa/Dakar] DEBUG: Route admin-orders détectée
[12-Oct-2025 15:53:19 Africa/Dakar] DEBUG: listOrders() appelé - Session user: OUI
[12-Oct-2025 15:53:19 Africa/Dakar] DEBUG: Role utilisateur: admin
[12-Oct-2025 15:53:19 Africa/Dakar] DEBUG: checkAdmin() - Session user: OUI
[12-Oct-2025 15:53:19 Africa/Dakar] DEBUG: checkAdmin() - Role: admin
[12-Oct-2025 15:53:19 Africa/Dakar] DEBUG: checkAdmin() - Admin vérifié avec succès
[12-Oct-2025 15:53:19 Africa/Dakar] DEBUG: Filtres reçus: {"status":"","date_from":"","date_to":"","sort":"order_date","direction":"DESC"}
[12-Oct-2025 15:53:23 Africa/Dakar] DEBUG: Route admin-orders détectée
[12-Oct-2025 15:53:23 Africa/Dakar] DEBUG: listOrders() appelé - Session user: OUI
[12-Oct-2025 15:53:23 Africa/Dakar] DEBUG: Role utilisateur: admin
[12-Oct-2025 15:53:23 Africa/Dakar] DEBUG: checkAdmin() - Session user: OUI
[12-Oct-2025 15:53:23 Africa/Dakar] DEBUG: checkAdmin() - Role: admin
[12-Oct-2025 15:53:23 Africa/Dakar] DEBUG: checkAdmin() - Admin vérifié avec succès
[12-Oct-2025 15:53:23 Africa/Dakar] DEBUG: Filtres reçus: {"status":"En attente","date_from":"","date_to":"","sort":"order_date","direction":"DESC"}
[12-Oct-2025 15:53:25 Africa/Dakar] DEBUG: Route admin-orders détectée
[12-Oct-2025 15:53:25 Africa/Dakar] DEBUG: listOrders() appelé - Session user: OUI
[12-Oct-2025 15:53:25 Africa/Dakar] DEBUG: Role utilisateur: admin
[12-Oct-2025 15:53:25 Africa/Dakar] DEBUG: checkAdmin() - Session user: OUI
[12-Oct-2025 15:53:25 Africa/Dakar] DEBUG: checkAdmin() - Role: admin
[12-Oct-2025 15:53:25 Africa/Dakar] DEBUG: checkAdmin() - Admin vérifié avec succès
[12-Oct-2025 15:53:25 Africa/Dakar] DEBUG: Filtres reçus: {"status":"En preparation","date_from":"","date_to":"","sort":"order_date","direction":"DESC"}
[12-Oct-2025 15:53:28 Africa/Dakar] DEBUG: Route admin-orders détectée
[12-Oct-2025 15:53:28 Africa/Dakar] DEBUG: listOrders() appelé - Session user: OUI
[12-Oct-2025 15:53:28 Africa/Dakar] DEBUG: Role utilisateur: admin
[12-Oct-2025 15:53:28 Africa/Dakar] DEBUG: checkAdmin() - Session user: OUI
[12-Oct-2025 15:53:28 Africa/Dakar] DEBUG: checkAdmin() - Role: admin
[12-Oct-2025 15:53:28 Africa/Dakar] DEBUG: checkAdmin() - Admin vérifié avec succès
[12-Oct-2025 15:53:28 Africa/Dakar] DEBUG: Filtres reçus: {"status":"Livraison en cours","date_from":"","date_to":"","sort":"order_date","direction":"DESC"}
[12-Oct-2025 15:53:30 Africa/Dakar] DEBUG: Route admin-orders détectée
[12-Oct-2025 15:53:30 Africa/Dakar] DEBUG: listOrders() appelé - Session user: OUI
[12-Oct-2025 15:53:30 Africa/Dakar] DEBUG: Role utilisateur: admin
[12-Oct-2025 15:53:30 Africa/Dakar] DEBUG: checkAdmin() - Session user: OUI
[12-Oct-2025 15:53:30 Africa/Dakar] DEBUG: checkAdmin() - Role: admin
[12-Oct-2025 15:53:30 Africa/Dakar] DEBUG: checkAdmin() - Admin vérifié avec succès
[12-Oct-2025 15:53:30 Africa/Dakar] DEBUG: Filtres reçus: {"status":"Livr\u00e9e","date_from":"","date_to":"","sort":"order_date","direction":"DESC"}
[12-Oct-2025 15:53:30 Africa/Dakar] DEBUG: Route admin-orders détectée
[12-Oct-2025 15:53:30 Africa/Dakar] DEBUG: listOrders() appelé - Session user: OUI
[12-Oct-2025 15:53:30 Africa/Dakar] DEBUG: Role utilisateur: admin
[12-Oct-2025 15:53:30 Africa/Dakar] DEBUG: checkAdmin() - Session user: OUI
[12-Oct-2025 15:53:30 Africa/Dakar] DEBUG: checkAdmin() - Role: admin
[12-Oct-2025 15:53:30 Africa/Dakar] DEBUG: checkAdmin() - Admin vérifié avec succès
[12-Oct-2025 15:53:30 Africa/Dakar] DEBUG: Filtres reçus: {"status":"annul\u00e9e","date_from":"","date_to":"","sort":"order_date","direction":"DESC"}
[12-Oct-2025 15:53:37 Africa/Dakar] DEBUG: Route admin-orders détectée
[12-Oct-2025 15:53:37 Africa/Dakar] DEBUG: listOrders() appelé - Session user: OUI
[12-Oct-2025 15:53:37 Africa/Dakar] DEBUG: Role utilisateur: admin
[12-Oct-2025 15:53:37 Africa/Dakar] DEBUG: checkAdmin() - Session user: OUI
[12-Oct-2025 15:53:37 Africa/Dakar] DEBUG: checkAdmin() - Role: admin
[12-Oct-2025 15:53:37 Africa/Dakar] DEBUG: checkAdmin() - Admin vérifié avec succès
[12-Oct-2025 15:53:37 Africa/Dakar] DEBUG: Filtres reçus: {"status":"En attente","date_from":"","date_to":"","sort":"order_date","direction":"DESC"}
[12-Oct-2025 15:53:39 Africa/Dakar] DEBUG: checkAdmin() - Session user: OUI
[12-Oct-2025 15:53:39 Africa/Dakar] DEBUG: checkAdmin() - Role: admin
[12-Oct-2025 15:53:39 Africa/Dakar] DEBUG: checkAdmin() - Admin vérifié avec succès
[12-Oct-2025 16:07:07 Africa/Dakar] DEBUG: checkAdmin() - Session user: OUI
[12-Oct-2025 16:07:07 Africa/Dakar] DEBUG: checkAdmin() - Role: admin
[12-Oct-2025 16:07:07 Africa/Dakar] DEBUG: checkAdmin() - Admin vérifié avec succès
[12-Oct-2025 16:07:16 Africa/Dakar] DEBUG: Route admin-orders détectée
[12-Oct-2025 16:07:16 Africa/Dakar] DEBUG: listOrders() appelé - Session user: OUI
[12-Oct-2025 16:07:16 Africa/Dakar] DEBUG: Role utilisateur: admin
[12-Oct-2025 16:07:16 Africa/Dakar] DEBUG: checkAdmin() - Session user: OUI
[12-Oct-2025 16:07:16 Africa/Dakar] DEBUG: checkAdmin() - Role: admin
[12-Oct-2025 16:07:16 Africa/Dakar] DEBUG: checkAdmin() - Admin vérifié avec succès
[12-Oct-2025 16:07:16 Africa/Dakar] DEBUG: Filtres reçus: {"status":"En preparation","date_from":"","date_to":"","sort":"order_date","direction":"DESC"}
[12-Oct-2025 16:07:16 Africa/Dakar] DEBUG: checkAdmin() - Session user: OUI
[12-Oct-2025 16:07:16 Africa/Dakar] DEBUG: checkAdmin() - Role: admin
[12-Oct-2025 16:07:16 Africa/Dakar] DEBUG: checkAdmin() - Admin vérifié avec succès
[12-Oct-2025 16:07:16 Africa/Dakar] DEBUG: checkAdmin() - Session user: OUI
[12-Oct-2025 16:07:16 Africa/Dakar] DEBUG: checkAdmin() - Role: admin
[12-Oct-2025 16:07:16 Africa/Dakar] DEBUG: checkAdmin() - Admin vérifié avec succès
[12-Oct-2025 16:07:19 Africa/Dakar] DEBUG: checkAdmin() - Session user: OUI
[12-Oct-2025 16:07:19 Africa/Dakar] DEBUG: checkAdmin() - Role: admin
[12-Oct-2025 16:07:19 Africa/Dakar] DEBUG: checkAdmin() - Admin vérifié avec succès
[12-Oct-2025 16:07:19 Africa/Dakar] DEBUG: Route admin-orders détectée
[12-Oct-2025 16:07:19 Africa/Dakar] DEBUG: listOrders() appelé - Session user: OUI
[12-Oct-2025 16:07:19 Africa/Dakar] DEBUG: Role utilisateur: admin
[12-Oct-2025 16:07:19 Africa/Dakar] DEBUG: checkAdmin() - Session user: OUI
[12-Oct-2025 16:07:19 Africa/Dakar] DEBUG: checkAdmin() - Role: admin
[12-Oct-2025 16:07:19 Africa/Dakar] DEBUG: checkAdmin() - Admin vérifié avec succès
[12-Oct-2025 16:07:19 Africa/Dakar] DEBUG: Filtres reçus: {"status":"Livraison en cours","date_from":"","date_to":"","sort":"order_date","direction":"DESC"}
[12-Oct-2025 16:07:19 Africa/Dakar] DEBUG: checkAdmin() - Session user: OUI
[12-Oct-2025 16:07:19 Africa/Dakar] DEBUG: checkAdmin() - Role: admin
[12-Oct-2025 16:07:19 Africa/Dakar] DEBUG: checkAdmin() - Admin vérifié avec succès
[12-Oct-2025 16:07:21 Africa/Dakar] DEBUG: checkAdmin() - Session user: OUI
[12-Oct-2025 16:07:21 Africa/Dakar] DEBUG: checkAdmin() - Role: admin
[12-Oct-2025 16:07:21 Africa/Dakar] DEBUG: checkAdmin() - Admin vérifié avec succès
[12-Oct-2025 16:07:21 Africa/Dakar] DEBUG: Route admin-orders détectée
[12-Oct-2025 16:07:21 Africa/Dakar] DEBUG: listOrders() appelé - Session user: OUI
[12-Oct-2025 16:07:21 Africa/Dakar] DEBUG: Role utilisateur: admin
[12-Oct-2025 16:07:21 Africa/Dakar] DEBUG: checkAdmin() - Session user: OUI
[12-Oct-2025 16:07:21 Africa/Dakar] DEBUG: checkAdmin() - Role: admin
[12-Oct-2025 16:07:21 Africa/Dakar] DEBUG: checkAdmin() - Admin vérifié avec succès
[12-Oct-2025 16:07:21 Africa/Dakar] DEBUG: Filtres reçus: {"status":"Livr\u00e9e","date_from":"","date_to":"","sort":"order_date","direction":"DESC"}
[12-Oct-2025 16:07:21 Africa/Dakar] DEBUG: checkAdmin() - Session user: OUI
[12-Oct-2025 16:07:21 Africa/Dakar] DEBUG: checkAdmin() - Role: admin
[12-Oct-2025 16:07:21 Africa/Dakar] DEBUG: checkAdmin() - Admin vérifié avec succès
[12-Oct-2025 16:07:27 Africa/Dakar] DEBUG: checkAdmin() - Session user: OUI
[12-Oct-2025 16:07:27 Africa/Dakar] DEBUG: checkAdmin() - Role: admin
[12-Oct-2025 16:07:27 Africa/Dakar] DEBUG: checkAdmin() - Admin vérifié avec succès
[12-Oct-2025 16:07:27 Africa/Dakar] DEBUG: Route admin-orders détectée
[12-Oct-2025 16:07:27 Africa/Dakar] DEBUG: listOrders() appelé - Session user: OUI
[12-Oct-2025 16:07:27 Africa/Dakar] DEBUG: Role utilisateur: admin
[12-Oct-2025 16:07:27 Africa/Dakar] DEBUG: checkAdmin() - Session user: OUI
[12-Oct-2025 16:07:27 Africa/Dakar] DEBUG: checkAdmin() - Role: admin
[12-Oct-2025 16:07:27 Africa/Dakar] DEBUG: checkAdmin() - Admin vérifié avec succès
[12-Oct-2025 16:07:27 Africa/Dakar] DEBUG: Filtres reçus: {"status":"En attente","date_from":"","date_to":"","sort":"order_date","direction":"DESC"}
[12-Oct-2025 16:07:27 Africa/Dakar] DEBUG: checkAdmin() - Session user: OUI
[12-Oct-2025 16:07:27 Africa/Dakar] DEBUG: checkAdmin() - Role: admin
[12-Oct-2025 16:07:27 Africa/Dakar] DEBUG: checkAdmin() - Admin vérifié avec succès
[12-Oct-2025 16:07:29 Africa/Dakar] DEBUG: Route admin-orders détectée
[12-Oct-2025 16:07:29 Africa/Dakar] DEBUG: listOrders() appelé - Session user: OUI
[12-Oct-2025 16:07:29 Africa/Dakar] DEBUG: Role utilisateur: admin
[12-Oct-2025 16:07:29 Africa/Dakar] DEBUG: checkAdmin() - Session user: OUI
[12-Oct-2025 16:07:29 Africa/Dakar] DEBUG: checkAdmin() - Role: admin
[12-Oct-2025 16:07:29 Africa/Dakar] DEBUG: checkAdmin() - Admin vérifié avec succès
[12-Oct-2025 16:07:29 Africa/Dakar] DEBUG: Filtres reçus: {"status":"En preparation","date_from":"","date_to":"","sort":"order_date","direction":"DESC"}
[12-Oct-2025 16:07:29 Africa/Dakar] DEBUG: checkAdmin() - Session user: OUI
[12-Oct-2025 16:07:29 Africa/Dakar] DEBUG: checkAdmin() - Role: admin
[12-Oct-2025 16:07:29 Africa/Dakar] DEBUG: checkAdmin() - Admin vérifié avec succès
[12-Oct-2025 16:07:29 Africa/Dakar] DEBUG: checkAdmin() - Session user: OUI
[12-Oct-2025 16:07:29 Africa/Dakar] DEBUG: checkAdmin() - Role: admin
[12-Oct-2025 16:07:29 Africa/Dakar] DEBUG: checkAdmin() - Admin vérifié avec succès
[12-Oct-2025 16:13:39 Africa/Dakar] DEBUG: checkAdmin() - Session user: OUI
[12-Oct-2025 16:13:39 Africa/Dakar] DEBUG: checkAdmin() - Role: admin
[12-Oct-2025 16:13:39 Africa/Dakar] DEBUG: checkAdmin() - Admin vérifié avec succès
[12-Oct-2025 16:24:15 Africa/Dakar] DEBUG: checkAdmin() - Session user: OUI
[12-Oct-2025 16:24:15 Africa/Dakar] DEBUG: checkAdmin() - Role: admin
[12-Oct-2025 16:24:15 Africa/Dakar] DEBUG: checkAdmin() - Admin vérifié avec succès
[12-Oct-2025 16:24:20 Africa/Dakar] DEBUG: Route admin-orders détectée
[12-Oct-2025 16:24:20 Africa/Dakar] DEBUG: listOrders() appelé - Session user: OUI
[12-Oct-2025 16:24:20 Africa/Dakar] DEBUG: Role utilisateur: admin
[12-Oct-2025 16:24:20 Africa/Dakar] DEBUG: checkAdmin() - Session user: OUI
[12-Oct-2025 16:24:20 Africa/Dakar] DEBUG: checkAdmin() - Role: admin
[12-Oct-2025 16:24:20 Africa/Dakar] DEBUG: checkAdmin() - Admin vérifié avec succès
[12-Oct-2025 16:24:20 Africa/Dakar] DEBUG: Filtres reçus: {"status":"En attente","date_from":"","date_to":"","sort":"order_date","direction":"DESC"}
[12-Oct-2025 16:24:20 Africa/Dakar] DEBUG: checkAdmin() - Session user: OUI
[12-Oct-2025 16:24:20 Africa/Dakar] DEBUG: checkAdmin() - Role: admin
[12-Oct-2025 16:24:20 Africa/Dakar] DEBUG: checkAdmin() - Admin vérifié avec succès
[12-Oct-2025 16:24:20 Africa/Dakar] DEBUG: checkAdmin() - Session user: OUI
[12-Oct-2025 16:24:20 Africa/Dakar] DEBUG: checkAdmin() - Role: admin
[12-Oct-2025 16:24:20 Africa/Dakar] DEBUG: checkAdmin() - Admin vérifié avec succès
[12-Oct-2025 16:24:30 Africa/Dakar] DEBUG: checkAdmin() - Session user: OUI
[12-Oct-2025 16:24:30 Africa/Dakar] DEBUG: checkAdmin() - Role: admin
[12-Oct-2025 16:24:30 Africa/Dakar] DEBUG: checkAdmin() - Admin vérifié avec succès
[12-Oct-2025 16:25:12 Africa/Dakar] DEBUG: Route admin-orders détectée
[12-Oct-2025 16:25:12 Africa/Dakar] DEBUG: listOrders() appelé - Session user: OUI
[12-Oct-2025 16:25:12 Africa/Dakar] DEBUG: Role utilisateur: admin
[12-Oct-2025 16:25:12 Africa/Dakar] DEBUG: checkAdmin() - Session user: OUI
[12-Oct-2025 16:25:12 Africa/Dakar] DEBUG: checkAdmin() - Role: admin
[12-Oct-2025 16:25:12 Africa/Dakar] DEBUG: checkAdmin() - Admin vérifié avec succès
[12-Oct-2025 16:25:12 Africa/Dakar] DEBUG: Filtres reçus: {"status":"","date_from":"","date_to":"","sort":"order_date","direction":"DESC"}
[12-Oct-2025 16:25:20 Africa/Dakar] DEBUG: Route admin-orders détectée
[12-Oct-2025 16:25:20 Africa/Dakar] DEBUG: listOrders() appelé - Session user: OUI
[12-Oct-2025 16:25:20 Africa/Dakar] DEBUG: Role utilisateur: admin
[12-Oct-2025 16:25:20 Africa/Dakar] DEBUG: checkAdmin() - Session user: OUI
[12-Oct-2025 16:25:20 Africa/Dakar] DEBUG: checkAdmin() - Role: admin
[12-Oct-2025 16:25:20 Africa/Dakar] DEBUG: checkAdmin() - Admin vérifié avec succès
[12-Oct-2025 16:25:20 Africa/Dakar] DEBUG: Filtres reçus: {"status":"En attente","date_from":"","date_to":"","sort":"order_date","direction":"DESC"}
[12-Oct-2025 16:25:27 Africa/Dakar] DEBUG: Route admin-orders détectée
[12-Oct-2025 16:25:27 Africa/Dakar] DEBUG: listOrders() appelé - Session user: OUI
[12-Oct-2025 16:25:27 Africa/Dakar] DEBUG: Role utilisateur: admin
[12-Oct-2025 16:25:27 Africa/Dakar] DEBUG: checkAdmin() - Session user: OUI
[12-Oct-2025 16:25:27 Africa/Dakar] DEBUG: checkAdmin() - Role: admin
[12-Oct-2025 16:25:27 Africa/Dakar] DEBUG: checkAdmin() - Admin vérifié avec succès
[12-Oct-2025 16:25:27 Africa/Dakar] DEBUG: Filtres reçus: {"status":"En preparation","date_from":"","date_to":"","sort":"order_date","direction":"DESC"}
[12-Oct-2025 16:25:28 Africa/Dakar] DEBUG: Route admin-orders détectée
[12-Oct-2025 16:25:28 Africa/Dakar] DEBUG: listOrders() appelé - Session user: OUI
[12-Oct-2025 16:25:28 Africa/Dakar] DEBUG: Role utilisateur: admin
[12-Oct-2025 16:25:28 Africa/Dakar] DEBUG: checkAdmin() - Session user: OUI
[12-Oct-2025 16:25:28 Africa/Dakar] DEBUG: checkAdmin() - Role: admin
[12-Oct-2025 16:25:28 Africa/Dakar] DEBUG: checkAdmin() - Admin vérifié avec succès
[12-Oct-2025 16:25:28 Africa/Dakar] DEBUG: Filtres reçus: {"status":"Livraison en cours","date_from":"","date_to":"","sort":"order_date","direction":"DESC"}
[12-Oct-2025 16:25:37 Africa/Dakar] DEBUG: Route admin-orders détectée
[12-Oct-2025 16:25:37 Africa/Dakar] DEBUG: listOrders() appelé - Session user: NON
[12-Oct-2025 16:25:37 Africa/Dakar] DEBUG: checkAdmin() - Session user: NON
[12-Oct-2025 16:25:37 Africa/Dakar] DEBUG: checkAdmin() - Redirection vers accesDenied
[12-Oct-2025 16:25:56 Africa/Dakar] Security Event: {"timestamp":"2025-10-12 16:25:56","event":"user_login","ip":"::1","user_agent":"Mozilla\/5.0 (Macintosh; Intel Mac OS X 10_15_7) AppleWebKit\/537.36 (KHTML, like Gecko) Chrome\/141.0.0.0 Safari\/537.36","data":{"user_id":1,"email":"lena@test.com","role":"admin"}}
[12-Oct-2025 16:26:00 Africa/Dakar] DEBUG: Route admin-orders détectée
[12-Oct-2025 16:26:00 Africa/Dakar] DEBUG: listOrders() appelé - Session user: OUI
[12-Oct-2025 16:26:00 Africa/Dakar] DEBUG: Role utilisateur: admin
[12-Oct-2025 16:26:00 Africa/Dakar] DEBUG: checkAdmin() - Session user: OUI
[12-Oct-2025 16:26:00 Africa/Dakar] DEBUG: checkAdmin() - Role: admin
[12-Oct-2025 16:26:00 Africa/Dakar] DEBUG: checkAdmin() - Admin vérifié avec succès
[12-Oct-2025 16:26:00 Africa/Dakar] DEBUG: Filtres reçus: {"status":"","date_from":"","date_to":"","sort":"order_date","direction":"DESC"}
[12-Oct-2025 16:26:02 Africa/Dakar] DEBUG: AdminUsersController::listUsers() appelé
[12-Oct-2025 16:26:02 Africa/Dakar] DEBUG: checkAdmin() - Session user: Array
(
    [id] => 1
    [email] => lena@test.com
    [first_name] => Lena
    [last_name] => Test
    [role] => admin
    [is_logged_in] => 1
    [login_time] => 1760286356
    [address_line] => Parcelles
    [cities_id] => 1
    [delivery_zones_id] => 
    [neighborhoods_id] => 
    [loyalty_points] => 0
)

[12-Oct-2025 16:26:02 Africa/Dakar] DEBUG: checkAdmin() - OK, utilisateur admin
[12-Oct-2025 16:26:32 Africa/Dakar] DEBUG: AdminUsersController::listUsers() appelé
[12-Oct-2025 16:26:32 Africa/Dakar] DEBUG: checkAdmin() - Session user: Array
(
    [id] => 1
    [email] => lena@test.com
    [first_name] => Lena
    [last_name] => Test
    [role] => admin
    [is_logged_in] => 1
    [login_time] => 1760286356
    [address_line] => Parcelles
    [cities_id] => 1
    [delivery_zones_id] => 
    [neighborhoods_id] => 
    [loyalty_points] => 0
)

[12-Oct-2025 16:26:32 Africa/Dakar] DEBUG: checkAdmin() - OK, utilisateur admin
[12-Oct-2025 16:26:38 Africa/Dakar] DEBUG: AdminUsersController::listUsers() appelé
[12-Oct-2025 16:26:38 Africa/Dakar] DEBUG: checkAdmin() - Session user: Array
(
    [id] => 1
    [email] => lena@test.com
    [first_name] => Lena
    [last_name] => Test
    [role] => admin
    [is_logged_in] => 1
    [login_time] => 1760286356
    [address_line] => Parcelles
    [cities_id] => 1
    [delivery_zones_id] => 
    [neighborhoods_id] => 
    [loyalty_points] => 0
)

[12-Oct-2025 16:26:38 Africa/Dakar] DEBUG: checkAdmin() - OK, utilisateur admin
[12-Oct-2025 16:26:40 Africa/Dakar] DEBUG: AdminUsersController::listUsers() appelé
[12-Oct-2025 16:26:40 Africa/Dakar] DEBUG: checkAdmin() - Session user: Array
(
    [id] => 1
    [email] => lena@test.com
    [first_name] => Lena
    [last_name] => Test
    [role] => admin
    [is_logged_in] => 1
    [login_time] => 1760286356
    [address_line] => Parcelles
    [cities_id] => 1
    [delivery_zones_id] => 
    [neighborhoods_id] => 
    [loyalty_points] => 0
)

[12-Oct-2025 16:26:40 Africa/Dakar] DEBUG: checkAdmin() - OK, utilisateur admin
[12-Oct-2025 16:26:43 Africa/Dakar] DEBUG: AdminUsersController::listUsers() appelé
[12-Oct-2025 16:26:43 Africa/Dakar] DEBUG: checkAdmin() - Session user: Array
(
    [id] => 1
    [email] => lena@test.com
    [first_name] => Lena
    [last_name] => Test
    [role] => admin
    [is_logged_in] => 1
    [login_time] => 1760286356
    [address_line] => Parcelles
    [cities_id] => 1
    [delivery_zones_id] => 
    [neighborhoods_id] => 
    [loyalty_points] => 0
)

[12-Oct-2025 16:26:43 Africa/Dakar] DEBUG: checkAdmin() - OK, utilisateur admin
[12-Oct-2025 16:26:46 Africa/Dakar] DEBUG: Route admin-orders détectée
[12-Oct-2025 16:26:46 Africa/Dakar] DEBUG: listOrders() appelé - Session user: OUI
[12-Oct-2025 16:26:46 Africa/Dakar] DEBUG: Role utilisateur: admin
[12-Oct-2025 16:26:46 Africa/Dakar] DEBUG: checkAdmin() - Session user: OUI
[12-Oct-2025 16:26:46 Africa/Dakar] DEBUG: checkAdmin() - Role: admin
[12-Oct-2025 16:26:46 Africa/Dakar] DEBUG: checkAdmin() - Admin vérifié avec succès
[12-Oct-2025 16:26:46 Africa/Dakar] DEBUG: Filtres reçus: {"status":"","date_from":"","date_to":"","sort":"order_date","direction":"DESC"}
[12-Oct-2025 16:33:11 Africa/Dakar] DEBUG: Route admin-orders détectée
[12-Oct-2025 16:33:11 Africa/Dakar] DEBUG: listOrders() appelé - Session user: OUI
[12-Oct-2025 16:33:11 Africa/Dakar] DEBUG: Role utilisateur: admin
[12-Oct-2025 16:33:11 Africa/Dakar] DEBUG: checkAdmin() - Session user: OUI
[12-Oct-2025 16:33:11 Africa/Dakar] DEBUG: checkAdmin() - Role: admin
[12-Oct-2025 16:33:11 Africa/Dakar] DEBUG: checkAdmin() - Admin vérifié avec succès
[12-Oct-2025 16:33:11 Africa/Dakar] DEBUG: Filtres reçus: {"status":"","date_from":"","date_to":"","sort":"order_date","direction":"DESC","page":1,"limit":15,"offset":0}
[12-Oct-2025 16:43:03 Africa/Dakar] DEBUG: Route admin-orders détectée
[12-Oct-2025 16:43:03 Africa/Dakar] DEBUG: listOrders() appelé - Session user: OUI
[12-Oct-2025 16:43:03 Africa/Dakar] DEBUG: Role utilisateur: admin
[12-Oct-2025 16:43:03 Africa/Dakar] DEBUG: checkAdmin() - Session user: OUI
[12-Oct-2025 16:43:03 Africa/Dakar] DEBUG: checkAdmin() - Role: admin
[12-Oct-2025 16:43:03 Africa/Dakar] DEBUG: checkAdmin() - Admin vérifié avec succès
[12-Oct-2025 16:43:03 Africa/Dakar] DEBUG: Filtres reçus: {"status":"","date_from":"","date_to":"","sort":"order_date","direction":"DESC"}
[12-Oct-2025 16:43:06 Africa/Dakar] DEBUG: Route admin-orders détectée
[12-Oct-2025 16:43:06 Africa/Dakar] DEBUG: listOrders() appelé - Session user: OUI
[12-Oct-2025 16:43:06 Africa/Dakar] DEBUG: Role utilisateur: admin
[12-Oct-2025 16:43:06 Africa/Dakar] DEBUG: checkAdmin() - Session user: OUI
[12-Oct-2025 16:43:06 Africa/Dakar] DEBUG: checkAdmin() - Role: admin
[12-Oct-2025 16:43:06 Africa/Dakar] DEBUG: checkAdmin() - Admin vérifié avec succès
[12-Oct-2025 16:43:06 Africa/Dakar] DEBUG: Filtres reçus: {"status":"En attente","date_from":"","date_to":"","sort":"order_date","direction":"DESC"}
[12-Oct-2025 16:43:15 Africa/Dakar] DEBUG: Route admin-orders détectée
[12-Oct-2025 16:43:15 Africa/Dakar] DEBUG: listOrders() appelé - Session user: OUI
[12-Oct-2025 16:43:15 Africa/Dakar] DEBUG: Role utilisateur: admin
[12-Oct-2025 16:43:15 Africa/Dakar] DEBUG: checkAdmin() - Session user: OUI
[12-Oct-2025 16:43:15 Africa/Dakar] DEBUG: checkAdmin() - Role: admin
[12-Oct-2025 16:43:15 Africa/Dakar] DEBUG: checkAdmin() - Admin vérifié avec succès
[12-Oct-2025 16:43:15 Africa/Dakar] DEBUG: Filtres reçus: {"status":"En preparation","date_from":"","date_to":"","sort":"order_date","direction":"DESC"}
[12-Oct-2025 16:43:17 Africa/Dakar] DEBUG: Route admin-orders détectée
[12-Oct-2025 16:43:17 Africa/Dakar] DEBUG: listOrders() appelé - Session user: OUI
[12-Oct-2025 16:43:17 Africa/Dakar] DEBUG: Role utilisateur: admin
[12-Oct-2025 16:43:17 Africa/Dakar] DEBUG: checkAdmin() - Session user: OUI
[12-Oct-2025 16:43:17 Africa/Dakar] DEBUG: checkAdmin() - Role: admin
[12-Oct-2025 16:43:17 Africa/Dakar] DEBUG: checkAdmin() - Admin vérifié avec succès
[12-Oct-2025 16:43:17 Africa/Dakar] DEBUG: Filtres reçus: {"status":"Livraison en cours","date_from":"","date_to":"","sort":"order_date","direction":"DESC"}
[12-Oct-2025 16:43:18 Africa/Dakar] DEBUG: Route admin-orders détectée
[12-Oct-2025 16:43:18 Africa/Dakar] DEBUG: listOrders() appelé - Session user: OUI
[12-Oct-2025 16:43:18 Africa/Dakar] DEBUG: Role utilisateur: admin
[12-Oct-2025 16:43:18 Africa/Dakar] DEBUG: checkAdmin() - Session user: OUI
[12-Oct-2025 16:43:18 Africa/Dakar] DEBUG: checkAdmin() - Role: admin
[12-Oct-2025 16:43:18 Africa/Dakar] DEBUG: checkAdmin() - Admin vérifié avec succès
[12-Oct-2025 16:43:18 Africa/Dakar] DEBUG: Filtres reçus: {"status":"Livr\u00e9e","date_from":"","date_to":"","sort":"order_date","direction":"DESC"}
[12-Oct-2025 16:43:19 Africa/Dakar] DEBUG: Route admin-orders détectée
[12-Oct-2025 16:43:19 Africa/Dakar] DEBUG: listOrders() appelé - Session user: OUI
[12-Oct-2025 16:43:19 Africa/Dakar] DEBUG: Role utilisateur: admin
[12-Oct-2025 16:43:19 Africa/Dakar] DEBUG: checkAdmin() - Session user: OUI
[12-Oct-2025 16:43:19 Africa/Dakar] DEBUG: checkAdmin() - Role: admin
[12-Oct-2025 16:43:19 Africa/Dakar] DEBUG: checkAdmin() - Admin vérifié avec succès
[12-Oct-2025 16:43:19 Africa/Dakar] DEBUG: Filtres reçus: {"status":"annul\u00e9e","date_from":"","date_to":"","sort":"order_date","direction":"DESC"}
[12-Oct-2025 16:43:20 Africa/Dakar] DEBUG: Route admin-orders détectée
[12-Oct-2025 16:43:20 Africa/Dakar] DEBUG: listOrders() appelé - Session user: OUI
[12-Oct-2025 16:43:20 Africa/Dakar] DEBUG: Role utilisateur: admin
[12-Oct-2025 16:43:20 Africa/Dakar] DEBUG: checkAdmin() - Session user: OUI
[12-Oct-2025 16:43:20 Africa/Dakar] DEBUG: checkAdmin() - Role: admin
[12-Oct-2025 16:43:20 Africa/Dakar] DEBUG: checkAdmin() - Admin vérifié avec succès
[12-Oct-2025 16:43:20 Africa/Dakar] DEBUG: Filtres reçus: {"status":"En attente","date_from":"","date_to":"","sort":"order_date","direction":"DESC"}
[12-Oct-2025 16:43:23 Africa/Dakar] DEBUG: checkAdmin() - Session user: OUI
[12-Oct-2025 16:43:23 Africa/Dakar] DEBUG: checkAdmin() - Role: admin
[12-Oct-2025 16:43:23 Africa/Dakar] DEBUG: checkAdmin() - Admin vérifié avec succès
[12-Oct-2025 16:43:26 Africa/Dakar] DEBUG: checkAdmin() - Session user: OUI
[12-Oct-2025 16:43:26 Africa/Dakar] DEBUG: checkAdmin() - Role: admin
[12-Oct-2025 16:43:26 Africa/Dakar] DEBUG: checkAdmin() - Admin vérifié avec succès
[12-Oct-2025 16:43:26 Africa/Dakar] DEBUG: Route admin-orders détectée
[12-Oct-2025 16:43:26 Africa/Dakar] DEBUG: listOrders() appelé - Session user: OUI
[12-Oct-2025 16:43:26 Africa/Dakar] DEBUG: Role utilisateur: admin
[12-Oct-2025 16:43:26 Africa/Dakar] DEBUG: checkAdmin() - Session user: OUI
[12-Oct-2025 16:43:26 Africa/Dakar] DEBUG: checkAdmin() - Role: admin
[12-Oct-2025 16:43:26 Africa/Dakar] DEBUG: checkAdmin() - Admin vérifié avec succès
[12-Oct-2025 16:43:26 Africa/Dakar] DEBUG: Filtres reçus: {"status":"En preparation","date_from":"","date_to":"","sort":"order_date","direction":"DESC"}
[12-Oct-2025 16:43:26 Africa/Dakar] DEBUG: checkAdmin() - Session user: OUI
[12-Oct-2025 16:43:26 Africa/Dakar] DEBUG: checkAdmin() - Role: admin
[12-Oct-2025 16:43:26 Africa/Dakar] DEBUG: checkAdmin() - Admin vérifié avec succès
[12-Oct-2025 16:43:30 Africa/Dakar] DEBUG: checkAdmin() - Session user: OUI
[12-Oct-2025 16:43:30 Africa/Dakar] DEBUG: checkAdmin() - Role: admin
[12-Oct-2025 16:43:30 Africa/Dakar] DEBUG: checkAdmin() - Admin vérifié avec succès
[12-Oct-2025 16:43:30 Africa/Dakar] DEBUG: Route admin-orders détectée
[12-Oct-2025 16:43:30 Africa/Dakar] DEBUG: listOrders() appelé - Session user: OUI
[12-Oct-2025 16:43:30 Africa/Dakar] DEBUG: Role utilisateur: admin
[12-Oct-2025 16:43:30 Africa/Dakar] DEBUG: checkAdmin() - Session user: OUI
[12-Oct-2025 16:43:30 Africa/Dakar] DEBUG: checkAdmin() - Role: admin
[12-Oct-2025 16:43:30 Africa/Dakar] DEBUG: checkAdmin() - Admin vérifié avec succès
[12-Oct-2025 16:43:30 Africa/Dakar] DEBUG: Filtres reçus: {"status":"Livraison en cours","date_from":"","date_to":"","sort":"order_date","direction":"DESC"}
[12-Oct-2025 16:43:30 Africa/Dakar] DEBUG: checkAdmin() - Session user: OUI
[12-Oct-2025 16:43:30 Africa/Dakar] DEBUG: checkAdmin() - Role: admin
[12-Oct-2025 16:43:30 Africa/Dakar] DEBUG: checkAdmin() - Admin vérifié avec succès
[12-Oct-2025 16:44:34 Africa/Dakar] DEBUG: Route admin-orders détectée
[12-Oct-2025 16:44:34 Africa/Dakar] DEBUG: listOrders() appelé - Session user: OUI
[12-Oct-2025 16:44:34 Africa/Dakar] DEBUG: Role utilisateur: admin
[12-Oct-2025 16:44:34 Africa/Dakar] DEBUG: checkAdmin() - Session user: OUI
[12-Oct-2025 16:44:34 Africa/Dakar] DEBUG: checkAdmin() - Role: admin
[12-Oct-2025 16:44:34 Africa/Dakar] DEBUG: checkAdmin() - Admin vérifié avec succès
[12-Oct-2025 16:44:34 Africa/Dakar] DEBUG: Filtres reçus: {"status":"","date_from":"","date_to":"","sort":"order_date","direction":"DESC"}
[12-Oct-2025 16:44:59 Africa/Dakar] DEBUG: checkAdmin() - Session user: OUI
[12-Oct-2025 16:44:59 Africa/Dakar] DEBUG: checkAdmin() - Role: admin
[12-Oct-2025 16:44:59 Africa/Dakar] DEBUG: checkAdmin() - Admin vérifié avec succès
[12-Oct-2025 16:47:43 Africa/Dakar] DEBUG: checkAdmin() - Session user: OUI
[12-Oct-2025 16:47:43 Africa/Dakar] DEBUG: checkAdmin() - Role: admin
[12-Oct-2025 16:47:43 Africa/Dakar] DEBUG: checkAdmin() - Admin vérifié avec succès
[12-Oct-2025 16:52:35 Africa/Dakar] DEBUG: Route admin-orders détectée
[12-Oct-2025 16:52:35 Africa/Dakar] DEBUG: listOrders() appelé - Session user: OUI
[12-Oct-2025 16:52:35 Africa/Dakar] DEBUG: Role utilisateur: admin
[12-Oct-2025 16:52:35 Africa/Dakar] DEBUG: checkAdmin() - Session user: OUI
[12-Oct-2025 16:52:35 Africa/Dakar] DEBUG: checkAdmin() - Role: admin
[12-Oct-2025 16:52:35 Africa/Dakar] DEBUG: checkAdmin() - Admin vérifié avec succès
[12-Oct-2025 16:52:35 Africa/Dakar] DEBUG: Filtres reçus: {"status":"En attente","date_from":"","date_to":"","sort":"order_date","direction":"DESC"}
[12-Oct-2025 16:52:35 Africa/Dakar] DEBUG: checkAdmin() - Session user: OUI
[12-Oct-2025 16:52:35 Africa/Dakar] DEBUG: checkAdmin() - Role: admin
[12-Oct-2025 16:52:35 Africa/Dakar] DEBUG: checkAdmin() - Admin vérifié avec succès
[12-Oct-2025 16:52:35 Africa/Dakar] DEBUG: checkAdmin() - Session user: OUI
[12-Oct-2025 16:52:35 Africa/Dakar] DEBUG: checkAdmin() - Role: admin
[12-Oct-2025 16:52:35 Africa/Dakar] DEBUG: checkAdmin() - Admin vérifié avec succès
[12-Oct-2025 16:52:55 Africa/Dakar] DEBUG: checkAdmin() - Session user: OUI
[12-Oct-2025 16:52:55 Africa/Dakar] DEBUG: checkAdmin() - Role: admin
[12-Oct-2025 16:52:55 Africa/Dakar] DEBUG: checkAdmin() - Admin vérifié avec succès
[12-Oct-2025 16:53:08 Africa/Dakar] DEBUG: Route admin-orders détectée
[12-Oct-2025 16:53:08 Africa/Dakar] DEBUG: listOrders() appelé - Session user: OUI
[12-Oct-2025 16:53:08 Africa/Dakar] DEBUG: Role utilisateur: admin
[12-Oct-2025 16:53:08 Africa/Dakar] DEBUG: checkAdmin() - Session user: OUI
[12-Oct-2025 16:53:08 Africa/Dakar] DEBUG: checkAdmin() - Role: admin
[12-Oct-2025 16:53:08 Africa/Dakar] DEBUG: checkAdmin() - Admin vérifié avec succès
[12-Oct-2025 16:53:08 Africa/Dakar] DEBUG: Filtres reçus: {"status":"","date_from":"","date_to":"","sort":"order_date","direction":"DESC"}
[12-Oct-2025 16:53:16 Africa/Dakar] DEBUG: checkAdmin() - Session user: OUI
[12-Oct-2025 16:53:16 Africa/Dakar] DEBUG: checkAdmin() - Role: admin
[12-Oct-2025 16:53:16 Africa/Dakar] DEBUG: checkAdmin() - Admin vérifié avec succès
[12-Oct-2025 16:53:21 Africa/Dakar] DEBUG: checkAdmin() - Session user: OUI
[12-Oct-2025 16:53:21 Africa/Dakar] DEBUG: checkAdmin() - Role: admin
[12-Oct-2025 16:53:21 Africa/Dakar] DEBUG: checkAdmin() - Admin vérifié avec succès
[12-Oct-2025 16:53:21 Africa/Dakar] DEBUG: Route admin-orders détectée
[12-Oct-2025 16:53:21 Africa/Dakar] DEBUG: listOrders() appelé - Session user: OUI
[12-Oct-2025 16:53:21 Africa/Dakar] DEBUG: Role utilisateur: admin
[12-Oct-2025 16:53:21 Africa/Dakar] DEBUG: checkAdmin() - Session user: OUI
[12-Oct-2025 16:53:21 Africa/Dakar] DEBUG: checkAdmin() - Role: admin
[12-Oct-2025 16:53:21 Africa/Dakar] DEBUG: checkAdmin() - Admin vérifié avec succès
[12-Oct-2025 16:53:21 Africa/Dakar] DEBUG: Filtres reçus: {"status":"","date_from":"","date_to":"","sort":"order_date","direction":"DESC"}
[12-Oct-2025 16:53:39 Africa/Dakar] DEBUG: checkAdmin() - Session user: OUI
[12-Oct-2025 16:53:39 Africa/Dakar] DEBUG: checkAdmin() - Role: admin
[12-Oct-2025 16:53:39 Africa/Dakar] DEBUG: checkAdmin() - Admin vérifié avec succès
[12-Oct-2025 16:53:44 Africa/Dakar] DEBUG: checkAdmin() - Session user: OUI
[12-Oct-2025 16:53:44 Africa/Dakar] DEBUG: checkAdmin() - Role: admin
[12-Oct-2025 16:53:44 Africa/Dakar] DEBUG: checkAdmin() - Admin vérifié avec succès
[12-Oct-2025 16:53:44 Africa/Dakar] DEBUG: Route admin-orders détectée
[12-Oct-2025 16:53:44 Africa/Dakar] DEBUG: listOrders() appelé - Session user: OUI
[12-Oct-2025 16:53:44 Africa/Dakar] DEBUG: Role utilisateur: admin
[12-Oct-2025 16:53:44 Africa/Dakar] DEBUG: checkAdmin() - Session user: OUI
[12-Oct-2025 16:53:44 Africa/Dakar] DEBUG: checkAdmin() - Role: admin
[12-Oct-2025 16:53:44 Africa/Dakar] DEBUG: checkAdmin() - Admin vérifié avec succès
[12-Oct-2025 16:53:44 Africa/Dakar] DEBUG: Filtres reçus: {"status":"Livr\u00e9e","date_from":"","date_to":"","sort":"order_date","direction":"DESC"}
[12-Oct-2025 16:53:44 Africa/Dakar] DEBUG: checkAdmin() - Session user: OUI
[12-Oct-2025 16:53:44 Africa/Dakar] DEBUG: checkAdmin() - Role: admin
[12-Oct-2025 16:53:44 Africa/Dakar] DEBUG: checkAdmin() - Admin vérifié avec succès
[12-Oct-2025 16:53:47 Africa/Dakar] DEBUG: Route admin-orders détectée
[12-Oct-2025 16:53:47 Africa/Dakar] DEBUG: listOrders() appelé - Session user: OUI
[12-Oct-2025 16:53:47 Africa/Dakar] DEBUG: Role utilisateur: admin
[12-Oct-2025 16:53:47 Africa/Dakar] DEBUG: checkAdmin() - Session user: OUI
[12-Oct-2025 16:53:47 Africa/Dakar] DEBUG: checkAdmin() - Role: admin
[12-Oct-2025 16:53:47 Africa/Dakar] DEBUG: checkAdmin() - Admin vérifié avec succès
[12-Oct-2025 16:53:47 Africa/Dakar] DEBUG: Filtres reçus: {"status":"","date_from":"","date_to":"","sort":"order_date","direction":"DESC"}
[12-Oct-2025 17:23:33 Africa/Dakar] DEBUG: checkAdmin() - Session user: OUI
[12-Oct-2025 17:23:33 Africa/Dakar] DEBUG: checkAdmin() - Role: admin
[12-Oct-2025 17:23:33 Africa/Dakar] DEBUG: checkAdmin() - Admin vérifié avec succès
[12-Oct-2025 17:23:47 Africa/Dakar] DEBUG: checkAdmin() - Session user: OUI
[12-Oct-2025 17:23:47 Africa/Dakar] DEBUG: checkAdmin() - Role: admin
[12-Oct-2025 17:23:47 Africa/Dakar] DEBUG: checkAdmin() - Admin vérifié avec succès
[12-Oct-2025 17:23:54 Africa/Dakar] DEBUG: Route admin-orders détectée
[12-Oct-2025 17:23:54 Africa/Dakar] DEBUG: listOrders() appelé - Session user: OUI
[12-Oct-2025 17:23:54 Africa/Dakar] DEBUG: Role utilisateur: admin
[12-Oct-2025 17:23:54 Africa/Dakar] DEBUG: checkAdmin() - Session user: OUI
[12-Oct-2025 17:23:54 Africa/Dakar] DEBUG: checkAdmin() - Role: admin
[12-Oct-2025 17:23:54 Africa/Dakar] DEBUG: checkAdmin() - Admin vérifié avec succès
[12-Oct-2025 17:23:54 Africa/Dakar] DEBUG: Filtres reçus: {"status":"En preparation","date_from":"","date_to":"","sort":"order_date","direction":"DESC"}
[12-Oct-2025 17:23:54 Africa/Dakar] DEBUG: checkAdmin() - Session user: OUI
[12-Oct-2025 17:23:54 Africa/Dakar] DEBUG: checkAdmin() - Role: admin
[12-Oct-2025 17:23:54 Africa/Dakar] DEBUG: checkAdmin() - Admin vérifié avec succès
[12-Oct-2025 17:23:54 Africa/Dakar] DEBUG: checkAdmin() - Session user: OUI
[12-Oct-2025 17:23:54 Africa/Dakar] DEBUG: checkAdmin() - Role: admin
[12-Oct-2025 17:23:54 Africa/Dakar] DEBUG: checkAdmin() - Admin vérifié avec succès
[12-Oct-2025 17:23:57 Africa/Dakar] DEBUG: checkAdmin() - Session user: OUI
[12-Oct-2025 17:23:57 Africa/Dakar] DEBUG: checkAdmin() - Role: admin
[12-Oct-2025 17:23:57 Africa/Dakar] DEBUG: checkAdmin() - Admin vérifié avec succès
[12-Oct-2025 17:23:57 Africa/Dakar] Database EXECUTE error: SQLSTATE[42S22]: Column not found: 1054 Unknown column 'previous_status' in 'field list' | SQL: UPDATE orders SET status = :status, previous_status = :previous_status WHERE id = :id | Data: {"id":16,"status":"annul\u00e9e","previous_status":"En preparation"}
[12-Oct-2025 17:23:57 Africa/Dakar] PHP Fatal error:  Uncaught PDOException: SQLSTATE[42S22]: Column not found: 1054 Unknown column 'previous_status' in 'field list' in /Applications/MAMP/htdocs/AuraFine/app/Models/Database.php:119
Stack trace:
#0 /Applications/MAMP/htdocs/AuraFine/app/Models/Database.php(119): PDOStatement->execute(Array)
#1 /Applications/MAMP/htdocs/AuraFine/app/Models/Orders.php(146): app\Models\Database->execute('UPDATE orders S...', Array)
#2 /Applications/MAMP/htdocs/AuraFine/app/services/OrdersService.php(62): app\Models\Orders->updateStatus(16, 'annul\xC3\xA9e', 'En preparation')
#3 /Applications/MAMP/htdocs/AuraFine/app/services/OrdersService.php(88): app\services\OrdersService->updateOrderStatus(16, 'annul\xC3\xA9e', 'En preparation')
#4 /Applications/MAMP/htdocs/AuraFine/app/controllers/OrdersController.php(247): app\services\OrdersService->cancelOrder(16)
#5 /Applications/MAMP/htdocs/auraFine/index.php(277): app\controllers\OrdersController->cancelOrder()
#6 {main}
  thrown in /Applications/MAMP/htdocs/AuraFine/app/Models/Database.php on line 119
[12-Oct-2025 17:57:11 UTC] PHP Fatal error:  Uncaught Error: Class "app\Models\Orders" not found in /Applications/MAMP/htdocs/AuraFine/app/services/OrdersService.php:19
Stack trace:
#0 Command line code(6): app\services\OrdersService->__construct()
#1 {main}
  thrown in /Applications/MAMP/htdocs/AuraFine/app/services/OrdersService.php on line 19
[12-Oct-2025 17:57:22 UTC] PHP Fatal error:  Uncaught Error: Class "app\Models\Database" not found in /Applications/MAMP/htdocs/AuraFine/app/models/Orders.php:9
Stack trace:
#0 Command line code(3): require()
#1 {main}
  thrown in /Applications/MAMP/htdocs/AuraFine/app/models/Orders.php on line 9
[12-Oct-2025 17:57:58 UTC] reactivateOrder: Commande non annulée: 16 (statut: En preparation)
[12-Oct-2025 17:57:58 UTC] cancelOrder: Commande introuvable: 99999
[12-Oct-2025 17:57:58 UTC] reactivateOrder: Commande introuvable: 99999
[12-Oct-2025 17:58:09 UTC] PHP Fatal error:  Uncaught Error: Class "app\Models\OrdersDetail" not found in /Applications/MAMP/htdocs/AuraFine/app/services/OrdersService.php:20
Stack trace:
#0 Command line code(8): app\services\OrdersService->__construct()
#1 {main}
  thrown in /Applications/MAMP/htdocs/AuraFine/app/services/OrdersService.php on line 20
[12-Oct-2025 17:58:17 UTC] cancelOrder: Commande déjà annulée: 21
[12-Oct-2025 17:58:50 UTC] reactivateOrder: Commande non annulée: 16 (statut: En preparation)
[12-Oct-2025 18:00:17 Africa/Dakar] DEBUG: checkAdmin() - Session user: OUI
[12-Oct-2025 18:00:17 Africa/Dakar] DEBUG: checkAdmin() - Role: admin
[12-Oct-2025 18:00:17 Africa/Dakar] DEBUG: checkAdmin() - Admin vérifié avec succès
[12-Oct-2025 18:00:20 Africa/Dakar] DEBUG: checkAdmin() - Session user: OUI
[12-Oct-2025 18:00:20 Africa/Dakar] DEBUG: checkAdmin() - Role: admin
[12-Oct-2025 18:00:20 Africa/Dakar] DEBUG: checkAdmin() - Admin vérifié avec succès
[12-Oct-2025 18:00:29 Africa/Dakar] DEBUG: checkAdmin() - Session user: OUI
[12-Oct-2025 18:00:29 Africa/Dakar] DEBUG: checkAdmin() - Role: admin
[12-Oct-2025 18:00:29 Africa/Dakar] DEBUG: checkAdmin() - Admin vérifié avec succès
[12-Oct-2025 18:00:29 Africa/Dakar] DEBUG: Route admin-orders détectée
[12-Oct-2025 18:00:29 Africa/Dakar] DEBUG: listOrders() appelé - Session user: OUI
[12-Oct-2025 18:00:29 Africa/Dakar] DEBUG: Role utilisateur: admin
[12-Oct-2025 18:00:29 Africa/Dakar] DEBUG: checkAdmin() - Session user: OUI
[12-Oct-2025 18:00:29 Africa/Dakar] DEBUG: checkAdmin() - Role: admin
[12-Oct-2025 18:00:29 Africa/Dakar] DEBUG: checkAdmin() - Admin vérifié avec succès
[12-Oct-2025 18:00:29 Africa/Dakar] DEBUG: Filtres reçus: {"status":"","date_from":"","date_to":"","sort":"order_date","direction":"DESC"}
[12-Oct-2025 18:00:34 Africa/Dakar] DEBUG: checkAdmin() - Session user: OUI
[12-Oct-2025 18:00:34 Africa/Dakar] DEBUG: checkAdmin() - Role: admin
[12-Oct-2025 18:00:34 Africa/Dakar] DEBUG: checkAdmin() - Admin vérifié avec succès
[12-Oct-2025 18:00:45 Africa/Dakar] DEBUG: checkAdmin() - Session user: OUI
[12-Oct-2025 18:00:45 Africa/Dakar] DEBUG: checkAdmin() - Role: admin
[12-Oct-2025 18:00:45 Africa/Dakar] DEBUG: checkAdmin() - Admin vérifié avec succès
[12-Oct-2025 18:00:45 Africa/Dakar] DEBUG: checkAdmin() - Session user: OUI
[12-Oct-2025 18:00:45 Africa/Dakar] DEBUG: checkAdmin() - Role: admin
[12-Oct-2025 18:00:45 Africa/Dakar] DEBUG: checkAdmin() - Admin vérifié avec succès
[12-Oct-2025 18:00:49 Africa/Dakar] DEBUG: checkAdmin() - Session user: OUI
[12-Oct-2025 18:00:49 Africa/Dakar] DEBUG: checkAdmin() - Role: admin
[12-Oct-2025 18:00:49 Africa/Dakar] DEBUG: checkAdmin() - Admin vérifié avec succès
[12-Oct-2025 18:00:49 Africa/Dakar] DEBUG: Route admin-orders détectée
[12-Oct-2025 18:00:49 Africa/Dakar] DEBUG: listOrders() appelé - Session user: OUI
[12-Oct-2025 18:00:49 Africa/Dakar] DEBUG: Role utilisateur: admin
[12-Oct-2025 18:00:49 Africa/Dakar] DEBUG: checkAdmin() - Session user: OUI
[12-Oct-2025 18:00:49 Africa/Dakar] DEBUG: checkAdmin() - Role: admin
[12-Oct-2025 18:00:49 Africa/Dakar] DEBUG: checkAdmin() - Admin vérifié avec succès
[12-Oct-2025 18:00:49 Africa/Dakar] DEBUG: Filtres reçus: {"status":"Livraison en cours","date_from":"","date_to":"","sort":"order_date","direction":"DESC"}
[12-Oct-2025 18:00:49 Africa/Dakar] DEBUG: checkAdmin() - Session user: OUI
[12-Oct-2025 18:00:49 Africa/Dakar] DEBUG: checkAdmin() - Role: admin
[12-Oct-2025 18:00:49 Africa/Dakar] DEBUG: checkAdmin() - Admin vérifié avec succès
[12-Oct-2025 18:00:54 Africa/Dakar] DEBUG: checkAdmin() - Session user: OUI
[12-Oct-2025 18:00:54 Africa/Dakar] DEBUG: checkAdmin() - Role: admin
[12-Oct-2025 18:00:54 Africa/Dakar] DEBUG: checkAdmin() - Admin vérifié avec succès
[12-Oct-2025 18:00:54 Africa/Dakar] DEBUG: Route admin-orders détectée
[12-Oct-2025 18:00:54 Africa/Dakar] DEBUG: listOrders() appelé - Session user: OUI
[12-Oct-2025 18:00:54 Africa/Dakar] DEBUG: Role utilisateur: admin
[12-Oct-2025 18:00:54 Africa/Dakar] DEBUG: checkAdmin() - Session user: OUI
[12-Oct-2025 18:00:54 Africa/Dakar] DEBUG: checkAdmin() - Role: admin
[12-Oct-2025 18:00:54 Africa/Dakar] DEBUG: checkAdmin() - Admin vérifié avec succès
[12-Oct-2025 18:00:54 Africa/Dakar] DEBUG: Filtres reçus: {"status":"","date_from":"","date_to":"","sort":"order_date","direction":"DESC"}
[12-Oct-2025 18:00:59 Africa/Dakar] DEBUG: checkAdmin() - Session user: OUI
[12-Oct-2025 18:00:59 Africa/Dakar] DEBUG: checkAdmin() - Role: admin
[12-Oct-2025 18:00:59 Africa/Dakar] DEBUG: checkAdmin() - Admin vérifié avec succès
[12-Oct-2025 18:01:07 Africa/Dakar] DEBUG: checkAdmin() - Session user: OUI
[12-Oct-2025 18:01:07 Africa/Dakar] DEBUG: checkAdmin() - Role: admin
[12-Oct-2025 18:01:07 Africa/Dakar] DEBUG: checkAdmin() - Admin vérifié avec succès
[12-Oct-2025 18:01:17 Africa/Dakar] DEBUG: AdminUsersController::listUsers() appelé
[12-Oct-2025 18:01:17 Africa/Dakar] DEBUG: checkAdmin() - Session user: Array
(
    [id] => 1
    [email] => lena@test.com
    [first_name] => Lena
    [last_name] => Test
    [role] => admin
    [is_logged_in] => 1
    [login_time] => 1760286356
    [address_line] => Parcelles
    [cities_id] => 1
    [delivery_zones_id] => 
    [neighborhoods_id] => 
    [loyalty_points] => 0
)

[12-Oct-2025 18:01:17 Africa/Dakar] DEBUG: checkAdmin() - OK, utilisateur admin
[12-Oct-2025 18:02:04 Africa/Dakar] Database EXECUTE error: SQLSTATE[23000]: Integrity constraint violation: 1451 Cannot delete or update a parent row: a foreign key constraint fails (`aura_fine`.`orders`, CONSTRAINT `fks_orders_neighborhoods` FOREIGN KEY (`neighborhoods_id`) REFERENCES `neighborhoods` (`id`)) | SQL: DELETE FROM neighborhoods WHERE id = :id | Data: {"id":5}
[12-Oct-2025 18:02:04 Africa/Dakar] PHP Fatal error:  Uncaught PDOException: SQLSTATE[23000]: Integrity constraint violation: 1451 Cannot delete or update a parent row: a foreign key constraint fails (`aura_fine`.`orders`, CONSTRAINT `fks_orders_neighborhoods` FOREIGN KEY (`neighborhoods_id`) REFERENCES `neighborhoods` (`id`)) in /Applications/MAMP/htdocs/AuraFine/app/Models/Database.php:119
Stack trace:
#0 /Applications/MAMP/htdocs/AuraFine/app/Models/Database.php(119): PDOStatement->execute(Array)
#1 /Applications/MAMP/htdocs/AuraFine/app/Models/Delivery.php(134): app\Models\Database->execute('DELETE FROM nei...', Array)
#2 /Applications/MAMP/htdocs/AuraFine/app/controllers/DeliveryController.php(191): app\Models\Delivery->deleteNeighborhood(5)
#3 /Applications/MAMP/htdocs/auraFine/index.php(254): app\controllers\DeliveryController->deleteNeighborhood(1, 5)
#4 {main}
  thrown in /Applications/MAMP/htdocs/AuraFine/app/Models/Database.php on line 119
[12-Oct-2025 18:19:04 UTC] PHP Fatal error:  Uncaught Error: Class "app\Models\PDO" not found in /Applications/MAMP/htdocs/AuraFine/app/models/Delivery.php:174
Stack trace:
#0 Command line code(13): app\Models\Delivery->hasActiveReferences(5)
#1 {main}
  thrown in /Applications/MAMP/htdocs/AuraFine/app/models/Delivery.php on line 174
[12-Oct-2025 18:29:52 Africa/Dakar] Database EXECUTE error: SQLSTATE[23000]: Integrity constraint violation: 1451 Cannot delete or update a parent row: a foreign key constraint fails (`aura_fine`.`neighborhoods`, CONSTRAINT `fks_neighborhoods_delivery_zones` FOREIGN KEY (`delivery_zones_id`) REFERENCES `delivery_zones` (`id`)) | SQL: DELETE FROM delivery_zones WHERE id = :id | Data: {"id":1}
[12-Oct-2025 18:29:52 Africa/Dakar] PHP Fatal error:  Uncaught PDOException: SQLSTATE[23000]: Integrity constraint violation: 1451 Cannot delete or update a parent row: a foreign key constraint fails (`aura_fine`.`neighborhoods`, CONSTRAINT `fks_neighborhoods_delivery_zones` FOREIGN KEY (`delivery_zones_id`) REFERENCES `delivery_zones` (`id`)) in /Applications/MAMP/htdocs/AuraFine/app/Models/Database.php:119
Stack trace:
#0 /Applications/MAMP/htdocs/AuraFine/app/Models/Database.php(119): PDOStatement->execute(Array)
#1 /Applications/MAMP/htdocs/AuraFine/app/Models/Delivery.php(87): app\Models\Database->execute('DELETE FROM del...', Array)
#2 /Applications/MAMP/htdocs/AuraFine/app/controllers/DeliveryController.php(156): app\Models\Delivery->deleteZone(1)
#3 /Applications/MAMP/htdocs/auraFine/index.php(233): app\controllers\DeliveryController->deleteZone(1, 1)
#4 {main}
  thrown in /Applications/MAMP/htdocs/AuraFine/app/Models/Database.php on line 119
[12-Oct-2025 18:30:47 UTC] PHP Fatal error:  Uncaught Error: Class "app\middleware\Middleware" not found in /Applications/MAMP/htdocs/AuraFine/app/controllers/DeliveryController.php:7
Stack trace:
#0 Command line code(5): require()
#1 {main}
  thrown in /Applications/MAMP/htdocs/AuraFine/app/controllers/DeliveryController.php on line 7
[12-Oct-2025 18:30:59 UTC] PHP Warning:  Cannot modify header information - headers already sent by (output started at Command line code:13) in /Applications/MAMP/htdocs/AuraFine/app/middleware/Middleware.php on line 85
[12-Oct-2025 18:31:12 UTC] PHP Fatal error:  Uncaught Error: Call to undefined method app\controllers\DeliveryController::show() in Command line code:21
Stack trace:
#0 {main}
  thrown in Command line code on line 21
